_ID, First Name,Last Name,Email,Gender,Contact,Job,Language
1,Tybi,Coskerry,tcoskerry0@google.es,Male,0346-5735006,Human Resources Assistant I,French
2,Jerrie,Wakenshaw,jwakenshaw1@e-recht24.de,Female,0349-5138690,Sales Associate,Chinese
3,Matty,McCadden,mmccadden2@fda.gov,Khusra,0346-4564463,Engineer IV,Swahili
4,Darrick,Oultram,doultram3@wordpress.org,Male,0339-6193663,Teacher,Tswana
5,Laverna,Wilcox,lwilcox4@yahoo.com,Male,0327-9251003,Sales Representative,Bosnian
6,Elena,Pinder,epinder5@shinystat.com,Khusra,0348-1525842,Registered Nurse,Kurdish
7,Tildie,Hefner,thefner6@soundcloud.com,Khusra,0339-5566900,Editor,Bengali
8,Manon,Tourot,mtourot7@acquirethisname.com,Male,0339-8781172,General Manager,Czech
9,Thorn,Gadesby,tgadesby8@sphinn.com,Male,0349-4647773,Director of Sales,Montenegrin
10,Saudra,MacDonell,smacdonell9@springer.com,Male,0329-2587909,Senior Editor,West Frisian
11,Belle,Aishford,baishforda@php.net,Male,0336-0271583,Quality Control Specialist,Finnish
12,Kerrill,Gabler,kgablerb@disqus.com,Female,0339-0501748,Project Manager,Montenegrin
13,Roman,Dominici,rdominicic@xinhuanet.com,Khusra,0347-2322012,GIS Technical Architect,Montenegrin
14,Shane,Eisikovitsh,seisikovitshd@exblog.jp,Female,0349-8254149,VP Marketing,Armenian
15,Harley,Rummer,hrummere@wisc.edu,Female,0309-8837986,General Manager,Georgian
16,Maighdiln,Chaffer,mchafferf@icq.com,Khusra,0328-1246068,Administrative Assistant IV,Assamese
17,Norean,Rattenberie,nrattenberieg@theguardian.com,Khusra,0329-9978674,Clinical Specialist,Somali
18,Nye,Iredell,niredellh@si.edu,Female,0338-0772655,Tax Accountant,Papiamento
19,Serena,Twinborough,stwinboroughi@smh.com.au,Male,0319-2832016,Geological Engineer,Icelandic
20,Linn,Sames,lsamesj@patch.com,Male,0349-6179109,Product Engineer,Filipino
21,Corbie,de Almeida,cdealmeidak@arstechnica.com,Male,0309-8344428,Analyst Programmer,Irish Gaelic
22,Erinn,Daveran,edaveranl@amazon.com,Male,0349-4675666,Database Administrator IV,Dhivehi
23,Katti,Cuckson,kcucksonm@forbes.com,Female,0349-5564664,Paralegal,Moldovan
24,Granville,Guyton,gguytonn@virginia.edu,Female,0338-0600751,Nuclear Power Engineer,New Zealand Sign Language
25,Fred,Mabbe,fmabbeo@blog.com,Khusra,0319-4578737,Research Associate,Malagasy
26,Jamie,Bumby,jbumbyp@ca.gov,Female,0309-4057164,Information Systems Manager,Lithuanian
27,Bent,Cluet,bcluetq@addtoany.com,Khusra,0349-8933182,Environmental Tech,Bislama
28,Sibel,Minigo,sminigor@whitehouse.gov,Male,0339-4194238,Media Manager II,Tok Pisin
29,Marta,Essery,messerys@example.com,Female,0346-3117661,Sales Associate,Filipino
30,Myrna,Terzza,mterzzat@smh.com.au,Male,0329-8594409,Marketing Assistant,Kurdish
31,Jemimah,Storre,jstorreu@infoseek.co.jp,Khusra,0339-0418557,Administrative Officer,Bengali
32,Charis,Kermit,ckermitv@twitter.com,Khusra,0319-7070964,Programmer IV,Kannada
33,Correna,Duiged,cduigedw@amazonaws.com,Khusra,0349-4805982,Internal Auditor,Lithuanian
34,Coletta,Hubner,chubnerx@ehow.com,Khusra,0349-0190688,Senior Sales Associate,Albanian
35,Bobine,Mostyn,bmostyny@ucsd.edu,Khusra,0349-4142221,Nurse,Telugu
36,Bridgette,Lauxmann,blauxmannz@blogger.com,Male,0339-4957016,Computer Systems Analyst IV,Swati
37,Lotty,Goldfinch,lgoldfinch10@liveinternet.ru,Khusra,0339-9621410,Social Worker,West Frisian
38,Eugene,Jirak,ejirak11@simplemachines.org,Male,0349-1568666,Registered Nurse,Haitian Creole
39,Traver,Sterndale,tsterndale12@goo.ne.jp,Khusra,0337-1620301,Registered Nurse,Filipino
40,Millisent,Lammie,mlammie13@ox.ac.uk,Khusra,0339-3518467,Recruiting Manager,Oriya
41,Bridgette,Tew,btew14@unblog.fr,Khusra,0349-4362352,Structural Engineer,Czech
42,Phillida,Baylis,pbaylis15@baidu.com,Female,0349-8092045,Associate Professor,Hindi
43,Dukey,Renwick,drenwick16@arizona.edu,Khusra,0328-0302028,Assistant Manager,Malayalam
44,Aviva,Aleshintsev,aaleshintsev17@fastcompany.com,Khusra,0335-8724845,Help Desk Technician,Malay
45,Jacques,Bierling,jbierling18@friendfeed.com,Male,0339-4878363,Senior Financial Analyst,Swedish
46,Estell,Meynell,emeynell19@berkeley.edu,Male,0349-7398565,Analyst Programmer,Portuguese
47,Darby,O'Crevy,docrevy1a@chronoengine.com,Female,0348-8882061,Junior Executive,Sotho
48,Laetitia,Garmston,lgarmston1b@vistaprint.com,Male,0339-0471328,Paralegal,Somali
49,Vin,Paterson,vpaterson1c@multiply.com,Female,0349-8137991,Executive Secretary,Swati
50,Jodi,Towns,jtowns1d@eepurl.com,Khusra,0328-3115982,Analyst Programmer,Northern Sotho
51,Letty,Lawlings,llawlings1e@huffingtonpost.com,Male,0347-3820747,VP Sales,Dzongkha
52,Guss,Rubinshtein,grubinshtein1f@paypal.com,Female,0342-8438233,Software Engineer I,Dari
53,Rafe,Dacca,rdacca1g@icq.com,Khusra,0334-8423383,Help Desk Technician,Telugu
54,Sacha,Rosensaft,srosensaft1h@smugmug.com,Male,0339-2034883,Paralegal,Montenegrin
55,Kyle,Canet,kcanet1i@tamu.edu,Female,0349-7091567,Sales Associate,Macedonian
56,Arabele,Santostefano.,asantostefano1j@gizmodo.com,Female,0348-0946711,GIS Technical Architect,Greek
57,Jeniece,Borchardt,jborchardt1k@1688.com,Khusra,0329-8943190,Senior Cost Accountant,Mongolian
58,Tobie,Kirwin,tkirwin1l@e-recht24.de,Male,0348-8675889,Nurse,Tamil
59,Jilli,Toohey,jtoohey1m@addthis.com,Khusra,0349-2038902,Design Engineer,Macedonian
60,Brent,Quickenden,bquickenden1n@merriam-webster.com,Male,0319-9988674,Accountant IV,Filipino
61,Rozele,Baldrick,rbaldrick1o@mozilla.org,Khusra,0309-6755716,Assistant Media Planner,Quechua
62,Dmitri,Cayette,dcayette1p@boston.com,Khusra,0309-8389388,Sales Representative,Zulu
63,Cyrillus,Casale,ccasale1q@nymag.com,Khusra,0344-9039538,Programmer I,Kyrgyz
64,Eada,Broxup,ebroxup1r@bbc.co.uk,Female,0347-5010459,Quality Engineer,Kyrgyz
65,Marsiella,Penright,mpenright1s@360.cn,Male,0338-9693179,Assistant Manager,Icelandic
66,Saunderson,Fowle,sfowle1t@histats.com,Khusra,0318-1900025,Physical Therapy Assistant,Fijian
67,Giffie,Milthorpe,gmilthorpe1u@unc.edu,Khusra,0329-6145076,Administrative Officer,Hungarian
68,Chariot,Fuggle,cfuggle1v@army.mil,Khusra,0348-6823713,Office Assistant I,Tswana
69,Zebulon,Goldsby,zgoldsby1w@cnbc.com,Khusra,0337-7621525,Administrative Officer,Kashmiri
70,Dre,Alexsandrovich,dalexsandrovich1x@miitbeian.gov.cn,Female,0326-6371272,Sales Associate,Guaraní
71,Isac,Verrills,iverrills1y@bloglines.com,Khusra,0349-3865608,Human Resources Manager,Dutch
72,Goddart,Drinan,gdrinan1z@paypal.com,Male,0347-4106397,Programmer Analyst I,Swati
73,Bennie,Breakspear,bbreakspear20@virginia.edu,Male,0309-0760310,General Manager,Afrikaans
74,Georg,Sperling,gsperling21@twitter.com,Khusra,0308-9732844,Research Assistant II,Kannada
75,Tedda,Kleinber,tkleinber22@infoseek.co.jp,Female,0347-2755191,Accountant I,Fijian
76,Brewster,Wassung,bwassung23@barnesandnoble.com,Female,0339-2890343,Senior Cost Accountant,Nepali
77,Raynell,Epton,repton24@yahoo.com,Female,0329-5638466,Sales Associate,Persian
78,Carny,Kurth,ckurth25@sourceforge.net,Khusra,0309-9966277,Research Associate,Greek
79,Chrissy,Vakhrushev,cvakhrushev26@ebay.com,Khusra,0349-8977495,VP Accounting,Tetum
80,Angelica,Braitling,abraitling27@stanford.edu,Khusra,0349-1335668,GIS Technical Architect,Yiddish
81,Norbie,Orring,norring28@disqus.com,Khusra,0348-4591795,Administrative Officer,Aymara
82,Kareem,Causer,kcauser29@qq.com,Khusra,0339-0010317,Web Designer IV,French
83,Lizbeth,Waddams,lwaddams2a@privacy.gov.au,Khusra,0347-6831334,Research Assistant IV,Latvian
84,Daloris,Borrows,dborrows2b@behance.net,Male,0339-8440410,Human Resources Manager,Bulgarian
85,Nancie,Gianinotti,ngianinotti2c@google.ca,Khusra,0349-2715772,General Manager,Yiddish
86,Selle,Rowdell,srowdell2d@themeforest.net,Khusra,0342-0473422,Assistant Media Planner,Kannada
87,Henry,Sotheron,hsotheron2e@elegantthemes.com,Male,0339-4370651,Staff Accountant III,West Frisian
88,Corenda,Kipling,ckipling2f@examiner.com,Female,0349-6383604,Civil Engineer,Maltese
89,Waldon,L'oiseau,wloiseau2g@cyberchimps.com,Khusra,0340-1537298,Help Desk Operator,Spanish
90,Chrotoem,Stivens,cstivens2h@omniture.com,Khusra,0319-9875443,Staff Scientist,Albanian
91,Jennilee,Divis,jdivis2i@ask.com,Male,0318-3941404,Safety Technician IV,Spanish
92,Elwood,Dobson,edobson2j@hud.gov,Male,0349-7910008,Recruiting Manager,Papiamento
93,Bab,Jeffs,bjeffs2k@storify.com,Male,0339-0970756,Accounting Assistant II,Kurdish
94,Kay,Ragate,kragate2l@washington.edu,Male,0347-0207992,Sales Associate,Romanian
95,Maurita,McKeady,mmckeady2m@hatena.ne.jp,Khusra,0349-2295223,VP Accounting,West Frisian
96,Renault,Eytel,reytel2n@yolasite.com,Khusra,0346-0914470,Electrical Engineer,Malay
97,Hallsy,Brahams,hbrahams2o@ovh.net,Khusra,0329-1226456,Human Resources Manager,Burmese
98,Jammal,Castiello,jcastiello2p@clickbank.net,Khusra,0346-1426506,Data Coordiator,Malagasy
99,Jereme,Durdan,jdurdan2q@virginia.edu,Male,0329-1968318,Editor,Tajik
100,Orran,Crolla,ocrolla2r@taobao.com,Khusra,0348-2437760,Internal Auditor,Burmese
101,Bernadine,Pettyfer,bpettyfer2s@umn.edu,Male,0339-8324263,Software Test Engineer III,Japanese
102,Aggy,Barendtsen,abarendtsen2t@webs.com,Female,0348-1988469,Accounting Assistant III,Northern Sotho
103,Terry,Bough,tbough2u@examiner.com,Female,0348-0957232,Statistician IV,Moldovan
104,Lionello,Brou,lbrou2v@linkedin.com,Khusra,0328-7170573,Dental Hygienist,Hindi
105,Gussy,Toyne,gtoyne2w@sfgate.com,Male,0348-2353104,Senior Cost Accountant,Nepali
106,Ophelie,Pepperell,opepperell2x@jiathis.com,Female,0339-2813485,Administrative Assistant I,Fijian
107,Veda,Brauninger,vbrauninger2y@yahoo.com,Female,0349-6531022,Automation Specialist IV,Chinese
108,Rana,Winny,rwinny2z@flickr.com,Female,0338-5130881,Quality Control Specialist,Swahili
109,Audi,Rowntree,arowntree30@businessinsider.com,Khusra,0349-6563767,Sales Representative,English
110,Ari,Jacklin,ajacklin31@1688.com,Khusra,0348-4512086,Civil Engineer,Afrikaans
111,Gilligan,Blincowe,gblincowe32@yahoo.com,Female,0329-5700231,Safety Technician IV,Kannada
112,Micky,Deakin,mdeakin33@privacy.gov.au,Khusra,0329-7079802,Engineer IV,Kazakh
113,Brittani,Joscelyne,bjoscelyne34@nytimes.com,Male,0339-7730294,Actuary,Catalan
114,Jacquelin,Lias,jlias35@sakura.ne.jp,Female,0347-1486798,Professor,Bislama
115,Marchall,O'Shesnan,moshesnan36@time.com,Khusra,0336-9133284,Account Coordinator,Lao
116,Romeo,Lyman,rlyman37@irs.gov,Female,0334-9324063,Accountant IV,Hungarian
117,Brigit,Fancott,bfancott38@netvibes.com,Female,0349-9995518,Mechanical Systems Engineer,Azeri
118,Garik,Ferrucci,gferrucci39@reverbnation.com,Male,0347-4092061,Programmer Analyst III,Malay
119,Corrie,Peris,cperis3a@theatlantic.com,Khusra,0308-2642772,Marketing Manager,Portuguese
120,Donnie,Castillou,dcastillou3b@live.com,Female,0308-8386912,Web Developer II,Telugu
121,Vonny,Buggs,vbuggs3c@unicef.org,Khusra,0349-5568183,Programmer III,Kurdish
122,Michaeline,Kitching,mkitching3d@technorati.com,Female,0349-1061527,Financial Advisor,Guaraní
123,Marion,Pherps,mpherps3e@wikispaces.com,Female,0349-5489926,Nurse,Tsonga
124,Sharon,Kneath,skneath3f@fda.gov,Khusra,0329-5091578,Senior Cost Accountant,Persian
125,Trefor,Blackwood,tblackwood3g@de.vu,Khusra,0349-2150016,VP Marketing,Indonesian
126,Waring,Baalham,wbaalham3h@bizjournals.com,Khusra,0338-6376980,Research Nurse,German
127,Ashil,Shoard,ashoard3i@twitter.com,Female,0348-9360402,Marketing Assistant,Croatian
128,Ignatius,Newey,inewey3j@ox.ac.uk,Khusra,0338-8671319,Quality Control Specialist,Japanese
129,Wolfie,Skipping,wskipping3k@ebay.co.uk,Male,0349-7379321,Office Assistant III,Irish Gaelic
130,Ferdinanda,Stockton,fstockton3l@sciencedaily.com,Khusra,0328-4156539,Tax Accountant,New Zealand Sign Language
131,Lexine,Ketcher,lketcher3m@businessinsider.com,Khusra,0348-6752224,Project Manager,Pashto
132,Zelda,Cuddehy,zcuddehy3n@hao123.com,Khusra,0339-3188434,VP Sales,Croatian
133,Benedict,Lindley,blindley3o@com.com,Female,0348-3466929,Legal Assistant,Dutch
134,Trixy,Birbeck,tbirbeck3p@google.ru,Female,0349-3601649,Actuary,Thai
135,Billy,Jillins,bjillins3q@chronoengine.com,Male,0348-3343958,Compensation Analyst,French
136,Arvin,Simester,asimester3r@webmd.com,Female,0339-3843283,Biostatistician III,Hindi
137,Roseanna,Ivakin,rivakin3s@mail.ru,Male,0339-5569506,Human Resources Manager,West Frisian
138,Niall,Ortmann,nortmann3t@bandcamp.com,Khusra,0309-7369264,Technical Writer,Croatian
139,Simonne,Lambert-Ciorwyn,slambertciorwyn3u@odnoklassniki.ru,Female,0348-7166162,Sales Associate,French
140,Yorgo,Dominik,ydominik3v@goo.gl,Khusra,0337-2559758,Recruiter,Bengali
141,Merill,Hyett,mhyett3w@wired.com,Khusra,0349-4275750,Actuary,Amharic
142,Aldridge,Broun,abroun3x@yelp.com,Khusra,0349-7322337,Health Coach IV,Maltese
143,Marjory,O'Cannan,mocannan3y@51.la,Khusra,0339-4077061,VP Marketing,Yiddish
144,Banky,Oland,boland3z@baidu.com,Khusra,0349-3162463,Legal Assistant,Norwegian
145,Rocky,Theodore,rtheodore40@netvibes.com,Male,0347-2852789,Tax Accountant,Chinese
146,Nancie,Luckcock,nluckcock41@ifeng.com,Khusra,0346-7597829,Food Chemist,Papiamento
147,Natal,Fonso,nfonso42@bbc.co.uk,Khusra,0349-8857573,Graphic Designer,Latvian
148,Luce,Cuppleditch,lcuppleditch43@accuweather.com,Male,0328-5505765,Librarian,Bislama
149,Shae,Embra,sembra44@privacy.gov.au,Khusra,0329-2743057,Web Developer I,Dzongkha
150,Korey,Kewish,kkewish45@army.mil,Male,0338-3104594,Associate Professor,Northern Sotho
151,Hanni,Lavender,hlavender46@shop-pro.jp,Khusra,0346-3642280,Nurse,Thai
152,Zuzana,Girkins,zgirkins47@ft.com,Khusra,0348-3378202,Associate Professor,Marathi
153,Ginnie,Leipold,gleipold48@nature.com,Female,0349-2833054,Financial Advisor,Tok Pisin
154,Babbie,Middiff,bmiddiff49@multiply.com,Khusra,0335-6181140,Engineer I,Nepali
155,Kimmie,Seid,kseid4a@simplemachines.org,Khusra,0347-5949937,Research Associate,Papiamento
156,Warner,Hairon,whairon4b@mozilla.org,Male,0338-8730942,General Manager,Fijian
157,Krystalle,Oswald,koswald4c@biblegateway.com,Male,0348-2698249,Actuary,Greek
158,Katy,McCroary,kmccroary4d@google.com,Khusra,0308-2449228,Social Worker,Greek
159,Lyndy,Featherstone,lfeatherstone4e@ustream.tv,Khusra,0339-1764857,Recruiter,German
160,Nathanial,Elwill,nelwill4f@nifty.com,Khusra,0349-5189952,Financial Analyst,Papiamento
161,Caresa,Mallon,cmallon4g@plala.or.jp,Khusra,0347-4333203,Analyst Programmer,Swati
162,Mona,Churly,mchurly4h@friendfeed.com,Male,0318-3527999,Structural Engineer,Sotho
163,Noach,Grise,ngrise4i@live.com,Khusra,0329-2140489,Librarian,Somali
164,Gav,Lissenden,glissenden4j@booking.com,Male,0348-2636798,Accountant III,Thai
165,Erda,Brissard,ebrissard4k@booking.com,Female,0308-6949476,Administrative Assistant III,New Zealand Sign Language
166,Alyda,Preuvost,apreuvost4l@wikipedia.org,Khusra,0327-1648004,Technical Writer,Persian
167,Eduardo,Burbridge,eburbridge4m@sina.com.cn,Khusra,0348-3258958,Programmer Analyst III,Quechua
168,Porter,McCahill,pmccahill4n@wikia.com,Male,0308-9914168,Social Worker,Tsonga
169,Kaiser,Enderby,kenderby4o@amazon.co.jp,Female,0349-6644480,Financial Analyst,Marathi
170,Rivy,Carvell,rcarvell4p@wisc.edu,Khusra,0327-9453340,Chemical Engineer,Arabic
171,Madelin,Jeandeau,mjeandeau4q@webeden.co.uk,Khusra,0348-1207827,Senior Editor,Armenian
172,Gabbi,Elintune,gelintune4r@time.com,Khusra,0345-9653821,Account Representative IV,Hungarian
173,Eugenius,Soles,esoles4s@springer.com,Male,0339-3561405,Professor,Montenegrin
174,Morgun,Wakeman,mwakeman4t@examiner.com,Female,0349-0864649,Associate Professor,Estonian
175,Rubetta,Spellard,rspellard4u@cafepress.com,Female,0339-6169696,Web Designer IV,Chinese
176,Michal,Belly,mbelly4v@wikia.com,Khusra,0338-7989152,GIS Technical Architect,Polish
177,Joshua,MacNulty,jmacnulty4w@globo.com,Female,0349-9199629,Senior Editor,Swedish
178,Leisha,Root,lroot4x@ow.ly,Khusra,0337-0723936,Information Systems Manager,Khmer
179,Padraig,Otton,potton4y@webeden.co.uk,Khusra,0349-2843922,Accounting Assistant II,Persian
180,Lilian,Robotham,lrobotham4z@accuweather.com,Khusra,0349-7095145,Senior Cost Accountant,German
181,Zulema,Shurrock,zshurrock50@naver.com,Male,0349-1574332,Financial Advisor,Malayalam
182,Stevy,Conrad,sconrad51@skyrock.com,Khusra,0338-1799920,Environmental Tech,Dhivehi
183,Billi,Fierro,bfierro52@desdev.cn,Female,0337-9435583,Operator,Italian
184,Lonnie,Abrahams,labrahams53@google.com.br,Male,0319-6263039,Quality Control Specialist,Moldovan
185,Kippie,Gordon-Giles,kgordongiles54@bloglines.com,Female,0329-9158490,Human Resources Assistant III,Swedish
186,Les,Tampion,ltampion55@gmpg.org,Khusra,0327-2704024,Civil Engineer,Gagauz
187,Arly,Feveryear,afeveryear56@sciencedaily.com,Khusra,0339-8208124,Web Developer I,Romanian
188,Felicdad,Wasiel,fwasiel57@washingtonpost.com,Khusra,0346-1598188,Cost Accountant,Somali
189,Bernice,Avramovich,bavramovich58@purevolume.com,Khusra,0349-2886516,Assistant Media Planner,Malagasy
190,Keen,Dunning,kdunning59@nbcnews.com,Female,0339-3931115,Registered Nurse,Albanian
191,Drona,Kenyam,dkenyam5a@cbslocal.com,Khusra,0349-1893721,Internal Auditor,Luxembourgish
192,Gene,Huntingford,ghuntingford5b@netvibes.com,Male,0349-5887104,Executive Secretary,Malagasy
193,Dawn,Baumadier,dbaumadier5c@quantcast.com,Khusra,0336-1698209,Office Assistant I,French
194,Wylma,Linham,wlinham5d@google.com,Male,0349-7954002,Compensation Analyst,Hiri Motu
195,Beilul,Ivankin,bivankin5e@elegantthemes.com,Khusra,0335-7796104,Business Systems Development Analyst,Guaraní
196,Candy,Osbaldeston,cosbaldeston5f@seesaa.net,Khusra,0329-4690024,Health Coach I,English
197,Justis,Mulran,jmulran5g@admin.ch,Female,0329-1650465,Staff Scientist,Swedish
198,Kermy,Kissack,kkissack5h@tripod.com,Khusra,0338-0921400,Structural Engineer,Korean
199,Luise,Lemmertz,llemmertz5i@webnode.com,Male,0348-1282743,Actuary,Māori
200,Gizela,Gatiss,ggatiss5j@themeforest.net,Khusra,0348-3603547,General Manager,Lao
201,Kathie,Sugarman,ksugarman5k@oakley.com,Male,0327-9772690,Electrical Engineer,Estonian
202,Colline,Curmi,ccurmi5l@va.gov,Khusra,0309-5393976,Software Consultant,Macedonian
203,Lurline,Johansson,ljohansson5m@sohu.com,Female,0349-8186916,Software Test Engineer III,Chinese
204,Dene,Youster,dyouster5n@purevolume.com,Khusra,0319-6846492,Marketing Assistant,Arabic
205,Patty,Rattenberie,prattenberie5o@accuweather.com,Khusra,0348-3030246,Chief Design Engineer,Dutch
206,Ardine,Buche,abuche5p@netscape.com,Khusra,0309-4978089,Junior Executive,Swati
207,Tasha,Kareman,tkareman5q@auda.org.au,Khusra,0319-3263755,Research Associate,New Zealand Sign Language
208,Ruthi,Hynam,rhynam5r@unblog.fr,Khusra,0328-8044956,Technical Writer,Belarusian
209,Bren,Basillon,bbasillon5s@simplemachines.org,Male,0343-2160932,Account Representative III,Assamese
210,Sophey,Andrey,sandrey5t@cloudflare.com,Khusra,0347-4945067,Financial Analyst,Burmese
211,Janene,Branthwaite,jbranthwaite5u@go.com,Khusra,0347-0903557,Office Assistant I,Lao
212,Lynn,Woloschinski,lwoloschinski5v@wikia.com,Male,0338-3908733,Geological Engineer,Moldovan
213,Shurlocke,Grute,sgrute5w@youtube.com,Male,0339-9674077,GIS Technical Architect,Somali
214,Remy,Greenhow,rgreenhow5x@hp.com,Male,0345-8292008,Account Coordinator,Dzongkha
215,Tristam,Hawkeridge,thawkeridge5y@dyndns.org,Khusra,0338-9945204,Automation Specialist I,Bengali
216,Lotti,Culp,lculp5z@instagram.com,Male,0349-8683924,Programmer I,Montenegrin
217,Baillie,Lanning,blanning60@bloomberg.com,Female,0327-8449607,Registered Nurse,Marathi
218,Mathias,Langshaw,mlangshaw61@forbes.com,Khusra,0347-0157617,Structural Analysis Engineer,Indonesian
219,Shea,Dwane,sdwane62@yolasite.com,Male,0348-3418472,Staff Scientist,Gujarati
220,Bartlet,Dunkley,bdunkley63@symantec.com,Khusra,0346-1480217,Compensation Analyst,Belarusian
221,Minnaminnie,Weddup,mweddup64@sina.com.cn,Male,0309-6835041,Help Desk Operator,Ndebele
222,Kaja,aManger,kamanger65@mapquest.com,Khusra,0347-2983560,Project Manager,Greek
223,Marc,Crace,mcrace66@istockphoto.com,Male,0348-9098927,Sales Representative,Icelandic
224,Eloise,Christoffe,echristoffe67@1688.com,Male,0349-9927373,Project Manager,Zulu
225,Clemence,Brikner,cbrikner68@census.gov,Male,0348-0854761,Financial Advisor,Tetum
226,Erena,Renwick,erenwick69@ted.com,Khusra,0319-5627329,Electrical Engineer,Nepali
227,Pennie,Pruce,ppruce6a@paginegialle.it,Khusra,0345-1805494,Sales Associate,Afrikaans
228,Helaina,Lummasana,hlummasana6b@adobe.com,Female,0339-3000761,VP Marketing,Lithuanian
229,Aura,Pedycan,apedycan6c@google.co.jp,Khusra,0348-3522201,Legal Assistant,Portuguese
230,Orelle,Figliovanni,ofigliovanni6d@umn.edu,Khusra,0339-0224892,Actuary,Norwegian
231,Karin,Warbys,kwarbys6e@sogou.com,Khusra,0348-0787799,Software Consultant,Quechua
232,Bride,Clines,bclines6f@jimdo.com,Female,0347-1777427,Design Engineer,Czech
233,Archy,Gomery,agomery6g@myspace.com,Male,0328-0898190,Financial Advisor,Mongolian
234,Mohandas,Dive,mdive6h@springer.com,Khusra,0309-9761741,Account Coordinator,Marathi
235,Vinny,Royste,vroyste6i@ebay.com,Female,0348-6205717,Physical Therapy Assistant,Malagasy
236,Louisette,Kobsch,lkobsch6j@patch.com,Khusra,0347-4893167,Chief Design Engineer,Somali
237,Sky,Hatt,shatt6k@berkeley.edu,Khusra,0337-4707490,Web Designer I,Fijian
238,Aleta,Oakes,aoakes6l@printfriendly.com,Khusra,0349-1508796,Internal Auditor,Polish
239,Micky,Linacre,mlinacre6m@usa.gov,Khusra,0339-7721656,Operator,Yiddish
240,Annadiana,Crus,acrus6n@arstechnica.com,Female,0318-4247877,Chief Design Engineer,Quechua
241,Denys,Winsiowiecki,dwinsiowiecki6o@tinypic.com,Male,0349-6929483,Clinical Specialist,West Frisian
242,Christophorus,Swatheridge,cswatheridge6p@tamu.edu,Female,0338-0012661,Web Designer I,Lithuanian
243,Melvyn,Lode,mlode6q@elpais.com,Khusra,0349-1616748,VP Marketing,Thai
244,Hilliary,Pettegree,hpettegree6r@unicef.org,Male,0318-0696602,VP Sales,Swati
245,Doretta,Levensky,dlevensky6s@yale.edu,Khusra,0309-2375693,Professor,Irish Gaelic
246,Meredithe,Korpal,mkorpal6t@uiuc.edu,Female,0329-4541150,Electrical Engineer,Korean
247,Fernande,Larciere,flarciere6u@symantec.com,Khusra,0346-5169960,Director of Sales,Burmese
248,Asia,Monday,amonday6v@yellowbook.com,Khusra,0329-4590169,Nuclear Power Engineer,Japanese
249,Stevy,Hurler,shurler6w@163.com,Female,0319-0741685,Web Developer III,Tswana
250,Casey,Leblanc,cleblanc6x@scientificamerican.com,Female,0348-1380543,Statistician IV,Hebrew
251,Sande,Rickell,srickell6y@chron.com,Male,0349-5158547,Senior Quality Engineer,Japanese
252,Tracie,Berthon,tberthon6z@jalbum.net,Male,0339-5768609,Quality Control Specialist,Korean
253,Cozmo,Caudle,ccaudle70@flickr.com,Khusra,0348-5496507,Nuclear Power Engineer,Tamil
254,Hurley,Bellany,hbellany71@columbia.edu,Male,0319-3520920,Statistician III,Māori
255,Brigitte,Vedeniktov,bvedeniktov72@toplist.cz,Khusra,0349-4598150,Speech Pathologist,Quechua
256,Lily,Bellini,lbellini73@google.pl,Khusra,0318-0116793,Legal Assistant,Northern Sotho
257,Annabel,Boothroyd,aboothroyd74@hostgator.com,Male,0339-8417090,Software Test Engineer I,Tswana
258,Edita,Dudderidge,edudderidge75@vk.com,Female,0337-7181171,Human Resources Assistant I,Dhivehi
259,Casandra,Flahive,cflahive76@nydailynews.com,Khusra,0339-3344380,Senior Sales Associate,Dhivehi
260,Barbi,Gladden,bgladden77@auda.org.au,Female,0349-5165471,Geological Engineer,Pashto
261,Coretta,Rylands,crylands78@sogou.com,Khusra,0327-7758843,Pharmacist,Ndebele
262,Maynord,Rowden,mrowden79@feedburner.com,Khusra,0348-6253039,Environmental Specialist,New Zealand Sign Language
263,Candi,Yven,cyven7a@infoseek.co.jp,Khusra,0309-9773374,Pharmacist,Kurdish
264,Loren,Penchen,lpenchen7b@networksolutions.com,Male,0348-8885112,Research Assistant III,Irish Gaelic
265,Corbie,Annion,cannion7c@utexas.edu,Female,0338-4337213,Accounting Assistant II,Ndebele
266,Maury,Strowan,mstrowan7d@php.net,Khusra,0349-8535191,Payment Adjustment Coordinator,Latvian
267,Lilllie,Yegoshin,lyegoshin7e@mozilla.org,Male,0349-8769557,VP Product Management,Swedish
268,Merissa,Morland,mmorland7f@virginia.edu,Khusra,0339-8847062,Community Outreach Specialist,Aymara
269,Charisse,Bathurst,cbathurst7g@moonfruit.com,Khusra,0334-1385956,Structural Engineer,Tamil
270,Griffin,Barton,gbarton7h@freewebs.com,Khusra,0347-6831264,Account Executive,Japanese
271,Bondie,Curedell,bcuredell7i@marriott.com,Female,0326-9443594,Geological Engineer,Moldovan
272,Aleece,Klimkov,aklimkov7j@harvard.edu,Female,0348-0534911,Marketing Assistant,Amharic
273,Midge,Coton,mcoton7k@multiply.com,Male,0349-5161209,Sales Representative,Dutch
274,Melisa,Markussen,mmarkussen7l@booking.com,Khusra,0336-4451912,Systems Administrator IV,Moldovan
275,Stefano,Harman,sharman7m@163.com,Khusra,0336-2488389,Research Assistant III,Telugu
276,Kile,Scurrey,kscurrey7n@utexas.edu,Female,0347-7638175,Help Desk Technician,Tamil
277,Clive,Makinson,cmakinson7o@jugem.jp,Khusra,0339-0790293,Human Resources Assistant III,Persian
278,Dillon,Werrilow,dwerrilow7p@kickstarter.com,Male,0329-1208526,Account Executive,Sotho
279,Nancee,Harme,nharme7q@sourceforge.net,Female,0348-9684632,Administrative Assistant III,Georgian
280,Phillida,Weatherley,pweatherley7r@cpanel.net,Female,0349-8155973,Director of Sales,Lao
281,Shanie,Lyptratt,slyptratt7s@people.com.cn,Female,0346-1219155,Paralegal,Hebrew
282,Shelton,Lamps,slamps7t@merriam-webster.com,Male,0328-5346606,Nuclear Power Engineer,Albanian
283,Adolpho,Sore,asore7u@java.com,Khusra,0349-5952292,Data Coordiator,Aymara
284,Siana,Wheadon,swheadon7v@chron.com,Male,0349-8011268,Nurse Practicioner,Dzongkha
285,Lezley,Gergher,lgergher7w@vistaprint.com,Female,0349-6075845,Product Engineer,Georgian
286,Jemima,Schout,jschout7x@bloglovin.com,Khusra,0337-0464213,Tax Accountant,Haitian Creole
287,Marcel,Kaser,mkaser7y@nps.gov,Khusra,0339-7318815,Computer Systems Analyst II,Zulu
288,Marieann,Chad,mchad7z@alexa.com,Khusra,0308-9549147,Clinical Specialist,Somali
289,Wildon,Kidner,wkidner80@dedecms.com,Khusra,0323-0483828,Nurse Practicioner,Burmese
290,Palm,Blamphin,pblamphin81@cmu.edu,Female,0339-9700847,Mechanical Systems Engineer,Assamese
291,Kelley,Lowton,klowton82@slideshare.net,Khusra,0339-1651364,Accountant I,Northern Sotho
292,Yankee,Loughhead,yloughhead83@latimes.com,Khusra,0308-3096219,Human Resources Assistant III,Yiddish
293,Leonie,Nellen,lnellen84@netlog.com,Female,0347-2273514,Research Associate,Filipino
294,Webb,Mowles,wmowles85@webmd.com,Female,0349-7502608,Social Worker,Japanese
295,Carlota,Rapport,crapport86@nba.com,Khusra,0346-7179748,Teacher,Kashmiri
296,Davidson,Burberow,dburberow87@fda.gov,Female,0349-7052513,Payment Adjustment Coordinator,Dzongkha
297,Correy,O'Quin,coquin88@thetimes.co.uk,Khusra,0347-6905817,Community Outreach Specialist,German
298,Orella,Bernardes,obernardes89@alexa.com,Female,0349-8360262,Geological Engineer,French
299,Geordie,Benninck,gbenninck8a@bigcartel.com,Female,0349-0864180,Help Desk Technician,Pashto
300,Constantina,Marcinkus,cmarcinkus8b@sina.com.cn,Khusra,0349-0528307,Accounting Assistant I,Assamese
301,Dallas,Cadogan,dcadogan8c@oakley.com,Khusra,0324-9067533,Biostatistician IV,Amharic
302,Linnea,Resdale,lresdale8d@blog.com,Male,0347-2789014,Accounting Assistant III,Portuguese
303,Orton,Arias,oarias8e@unc.edu,Khusra,0325-7029157,Human Resources Manager,Luxembourgish
304,Danny,Deboick,ddeboick8f@omniture.com,Female,0349-4986786,Pharmacist,Kyrgyz
305,Cam,Philipsohn,cphilipsohn8g@yelp.com,Khusra,0309-8108483,Legal Assistant,Gagauz
306,Betteanne,Schnieder,bschnieder8h@feedburner.com,Female,0329-3647660,Structural Analysis Engineer,German
307,Lind,Dedam,ldedam8i@gnu.org,Male,0348-0200030,Sales Representative,Somali
308,Christyna,Meugens,cmeugens8j@google.ca,Female,0349-9557451,Marketing Assistant,Kyrgyz
309,Marilin,Fishby,mfishby8k@oracle.com,Khusra,0319-9862375,Physical Therapy Assistant,English
310,Rheta,Edgley,redgley8l@ucoz.com,Khusra,0319-0056965,Sales Representative,Gujarati
311,Faye,Clelle,fclelle8m@yelp.com,Khusra,0308-3128622,Software Test Engineer II,Hindi
312,Gabey,Scawen,gscawen8n@ustream.tv,Male,0328-5392387,Junior Executive,Pashto
313,Julianne,Parkin,jparkin8o@biglobe.ne.jp,Khusra,0348-9461096,Tax Accountant,Italian
314,Jessika,Sandey,jsandey8p@xing.com,Khusra,0336-8103566,Structural Analysis Engineer,Yiddish
315,Jolyn,Rodolico,jrodolico8q@hexun.com,Male,0339-5591678,Registered Nurse,Dari
316,Editha,Skyner,eskyner8r@sciencedaily.com,Male,0309-0433651,VP Quality Control,Georgian
317,Anica,Horstead,ahorstead8s@elegantthemes.com,Khusra,0338-9026229,Sales Associate,Hindi
318,Dedra,Canaan,dcanaan8t@google.ru,Male,0347-5865166,Structural Analysis Engineer,Hindi
319,Austina,Yanyshev,ayanyshev8u@ftc.gov,Female,0339-9844855,Electrical Engineer,Azeri
320,Artair,Kynsey,akynsey8v@patch.com,Female,0347-0993373,Web Designer I,Japanese
321,Natala,Leader,nleader8w@wunderground.com,Khusra,0339-1413108,Software Consultant,Catalan
322,Mame,Hardaker,mhardaker8x@ted.com,Male,0348-1061608,Teacher,Malagasy
323,Carlin,Schaffel,cschaffel8y@abc.net.au,Male,0349-9683070,VP Product Management,German
324,Kaylee,Ditchfield,kditchfield8z@aboutads.info,Female,0309-8000378,Quality Engineer,Hebrew
325,Teddie,Sandercroft,tsandercroft90@chicagotribune.com,Khusra,0323-4029582,Chief Design Engineer,Haitian Creole
326,Rozele,Kauffman,rkauffman91@icio.us,Female,0338-6940517,Human Resources Manager,Yiddish
327,Friedrick,Gamell,fgamell92@soundcloud.com,Khusra,0349-0978654,Research Assistant I,Romanian
328,Friedrich,Marrow,fmarrow93@soundcloud.com,Khusra,0347-5160204,Accountant II,Danish
329,Corissa,Rodman,crodman94@networksolutions.com,Khusra,0345-5637688,Automation Specialist I,Macedonian
330,Cary,Sydall,csydall95@facebook.com,Male,0349-3702551,Graphic Designer,Moldovan
331,Lindsay,Creber,lcreber96@dot.gov,Female,0329-1800767,Operator,Malagasy
332,Queenie,Antwis,qantwis97@tumblr.com,Male,0345-4687890,GIS Technical Architect,Czech
333,Joy,Brundell,jbrundell98@latimes.com,Male,0348-6823635,Dental Hygienist,Tajik
334,Peri,Marr,pmarr99@ted.com,Khusra,0328-6163297,Recruiter,West Frisian
335,Latrena,Maasz,lmaasz9a@wordpress.com,Female,0307-7629181,Assistant Manager,Spanish
336,Millicent,Drabble,mdrabble9b@ebay.com,Khusra,0348-5901183,Recruiter,Tajik
337,Emlen,Hardacre,ehardacre9c@wsj.com,Male,0328-0967764,Senior Financial Analyst,Armenian
338,Freddy,Shilladay,fshilladay9d@simplemachines.org,Khusra,0338-8317867,Quality Control Specialist,Arabic
339,Mandy,Murname,mmurname9e@psu.edu,Khusra,0349-6811804,Budget/Accounting Analyst I,Hiri Motu
340,Chick,Haskey,chaskey9f@nymag.com,Khusra,0328-3167615,Information Systems Manager,Oriya
341,Siobhan,Yuranovev,syuranovev9g@themeforest.net,Male,0349-2093705,Internal Auditor,Tok Pisin
342,Helaine,Breckin,hbreckin9h@skype.com,Khusra,0349-4744808,Marketing Manager,Nepali
343,Pauli,Sergison,psergison9i@wordpress.org,Male,0349-3757735,Senior Developer,Marathi
344,Annmaria,Larver,alarver9j@kickstarter.com,Female,0349-9188033,Database Administrator IV,Dhivehi
345,Fan,Johanssen,fjohanssen9k@123-reg.co.uk,Female,0319-6646642,Safety Technician III,Nepali
346,Thorsten,Cardno,tcardno9l@weather.com,Khusra,0348-8676260,Nuclear Power Engineer,Lithuanian
347,Padget,Edlestone,pedlestone9m@globo.com,Male,0349-2501720,Health Coach III,Korean
348,Quinta,Meale,qmeale9n@state.gov,Male,0339-0211478,Human Resources Assistant II,Somali
349,Gonzalo,Hof,ghof9o@miibeian.gov.cn,Khusra,0349-8590649,Paralegal,German
350,Cathleen,Boxill,cboxill9p@quantcast.com,Male,0349-8623232,Research Nurse,Italian
351,Hoyt,Bliben,hbliben9q@hud.gov,Female,0338-7331409,Analog Circuit Design manager,Bengali
352,Consuela,Houldcroft,chouldcroft9r@ucoz.com,Female,0339-5685059,Research Assistant I,French
353,Dion,Maylard,dmaylard9s@amazon.com,Khusra,0318-7346674,Information Systems Manager,Zulu
354,Luise,Baumert,lbaumert9t@hubpages.com,Khusra,0334-7598868,Senior Sales Associate,Zulu
355,Augusto,Larrie,alarrie9u@ted.com,Khusra,0349-7049153,Statistician II,Aymara
356,Banky,Mushrow,bmushrow9v@hhs.gov,Khusra,0338-6057081,Recruiting Manager,Guaraní
357,Leonore,Wickins,lwickins9w@youku.com,Khusra,0328-2632777,Legal Assistant,Māori
358,Tish,Prujean,tprujean9x@mac.com,Female,0308-2288048,Research Nurse,Tajik
359,Jeanie,Rollason,jrollason9y@mapquest.com,Male,0339-5902673,Executive Secretary,Oriya
360,Mart,Steffens,msteffens9z@rediff.com,Male,0339-6083081,Nurse Practicioner,Icelandic
361,Hendrick,Maffeo,hmaffeoa0@newyorker.com,Khusra,0339-2706840,Technical Writer,Gagauz
362,Belita,Pawlata,bpawlataa1@issuu.com,Khusra,0318-7978021,Web Developer I,Swahili
363,Derk,Matthew,dmatthewa2@google.com.hk,Male,0308-8804636,Engineer I,Kashmiri
364,Carita,Camelia,ccameliaa3@patch.com,Khusra,0349-5024921,Chief Design Engineer,Malay
365,Doralin,Ferraraccio,dferraraccioa4@bravesites.com,Male,0349-9287945,Junior Executive,Yiddish
366,Farly,Brettel,fbrettela5@hp.com,Khusra,0348-5473650,Assistant Media Planner,Tsonga
367,Fabio,Garron,fgarrona6@wsj.com,Khusra,0349-5123911,Director of Sales,Swati
368,Margaux,Willbourne,mwillbournea7@tumblr.com,Male,0349-2928549,Programmer Analyst IV,French
369,Callean,Blenkhorn,cblenkhorna8@4shared.com,Female,0347-7286316,Assistant Professor,Armenian
370,Frankie,Fantini,ffantinia9@icio.us,Female,0348-8310955,Senior Editor,Pashto
371,Mychal,Moran,mmoranaa@blogs.com,Khusra,0349-2769286,Senior Developer,Bengali
372,Wayland,Elener,welenerab@apache.org,Male,0339-1409055,Media Manager IV,Czech
373,Griff,Idell,gidellac@economist.com,Khusra,0349-9708102,Account Representative I,Luxembourgish
374,Archie,Hamlett,ahamlettad@usda.gov,Khusra,0309-5930444,Paralegal,Danish
375,Diandra,Sneaker,dsneakerae@surveymonkey.com,Khusra,0329-9039698,Media Manager II,Thai
376,Kelcey,Glitherow,kglitherowaf@miitbeian.gov.cn,Male,0337-8838146,VP Sales,Czech
377,Orelle,Dysert,odysertag@zimbio.com,Khusra,0338-0921293,Professor,Romanian
378,Spenser,Storr,sstorrah@cisco.com,Khusra,0329-6466665,Actuary,Latvian
379,Freda,Crombie,fcrombieai@patch.com,Female,0346-0741440,Account Executive,Chinese
380,Lindie,Natalie,lnatalieaj@bbb.org,Khusra,0305-2133485,Budget/Accounting Analyst I,Maltese
381,Nerty,Geane,ngeaneak@parallels.com,Khusra,0338-4113554,Technical Writer,Zulu
382,Leonerd,Oglethorpe,loglethorpeal@stumbleupon.com,Khusra,0339-1091340,Director of Sales,Tswana
383,Ulick,Nucator,unucatoram@springer.com,Khusra,0338-7343343,Quality Engineer,Dzongkha
384,Beulah,Tomasicchio,btomasicchioan@mtv.com,Female,0349-2418713,Design Engineer,Maltese
385,Skip,Lyttle,slyttleao@amazon.co.uk,Female,0349-4928698,Social Worker,Tetum
386,Jacquenette,Tills,jtillsap@rediff.com,Khusra,0327-7130595,Business Systems Development Analyst,Irish Gaelic
387,Sharai,Leveret,sleveretaq@mapquest.com,Khusra,0327-6662794,Account Representative II,Malayalam
388,Napoleon,Holt,nholtar@boston.com,Khusra,0318-4889398,Civil Engineer,Amharic
389,Drake,Matusov,dmatusovas@npr.org,Khusra,0339-4260044,Office Assistant III,Belarusian
390,Gasper,Stubbley,gstubbleyat@columbia.edu,Male,0348-1303937,Cost Accountant,Dhivehi
391,Lurette,Marquess,lmarquessau@macromedia.com,Khusra,0329-8657387,Environmental Specialist,Swati
392,Poppy,Caso,pcasoav@sohu.com,Female,0339-3218616,Web Designer I,Aymara
393,Shermy,Frondt,sfrondtaw@boston.com,Male,0348-7089613,VP Quality Control,Tetum
394,Bobbye,Fryer,bfryerax@netvibes.com,Male,0348-9289494,VP Marketing,Hindi
395,Boyd,Compton,bcomptonay@google.cn,Male,0339-5422534,Assistant Professor,Dutch
396,Loren,Nelthrop,lnelthropaz@ucoz.ru,Male,0349-9742807,Social Worker,Pashto
397,Lenora,Stede,lstedeb0@netscape.com,Male,0346-6630814,Nuclear Power Engineer,Italian
398,Saxon,Shakeshaft,sshakeshaftb1@bravesites.com,Male,0346-2241438,Operator,Czech
399,Mile,Peinke,mpeinkeb2@netvibes.com,Female,0319-6311445,Structural Analysis Engineer,Zulu
400,Judas,Winckles,jwincklesb3@myspace.com,Khusra,0347-6399407,Help Desk Operator,Marathi
401,Katharyn,Lanphier,klanphierb4@multiply.com,Female,0346-7948108,Database Administrator IV,Tswana
402,Jacobo,Demougeot,jdemougeotb5@google.co.uk,Male,0336-0559960,Senior Financial Analyst,Bislama
403,Alma,Kittel,akittelb6@businessinsider.com,Khusra,0347-6272867,VP Sales,Amharic
404,Adriana,Delacroux,adelacrouxb7@chicagotribune.com,Khusra,0349-0899557,Editor,Māori
405,Fiorenze,Hendrikse,fhendrikseb8@cdc.gov,Female,0335-7737164,Senior Quality Engineer,Kashmiri
406,Lem,Darnody,ldarnodyb9@angelfire.com,Khusra,0349-9377719,Paralegal,Armenian
407,Fawnia,Bineham,fbinehamba@arstechnica.com,Khusra,0344-4895445,Programmer IV,Mongolian
408,Alaine,Hatterslay,ahatterslaybb@ifeng.com,Khusra,0347-9438411,Statistician III,Bulgarian
409,Tildie,Bouller,tboullerbc@wikimedia.org,Female,0349-4784399,Software Test Engineer II,Arabic
410,Juditha,Kubasiewicz,jkubasiewiczbd@ft.com,Female,0339-0421284,Statistician II,Māori
411,Ricky,Lies,rliesbe@biblegateway.com,Male,0337-9534283,Software Engineer II,Czech
412,Bear,Hlavac,bhlavacbf@earthlink.net,Male,0337-3172192,Senior Cost Accountant,Belarusian
413,Antonetta,Ilson,ailsonbg@people.com.cn,Female,0312-3486565,VP Accounting,Danish
414,Erick,Bettridge,ebettridgebh@last.fm,Khusra,0348-8410625,Senior Developer,Amharic
415,Charil,Sommerlin,csommerlinbi@scribd.com,Khusra,0349-9256071,Human Resources Assistant IV,Polish
416,Catherina,Spritt,csprittbj@xrea.com,Khusra,0334-2819743,Developer III,Icelandic
417,Etheline,Ruos,eruosbk@hubpages.com,Male,0338-3833488,Project Manager,Azeri
418,Geneva,Troctor,gtroctorbl@gnu.org,Khusra,0347-1254936,Safety Technician I,Kurdish
419,Ki,McDunlevy,kmcdunlevybm@harvard.edu,Khusra,0339-7599167,Recruiting Manager,Hungarian
420,Aldwin,Rizziello,arizziellobn@msu.edu,Khusra,0329-2321280,Assistant Manager,Finnish
421,Marge,Masserel,mmasserelbo@unblog.fr,Male,0337-2836534,Budget/Accounting Analyst IV,Czech
422,Prent,Capstack,pcapstackbp@sogou.com,Khusra,0307-8377396,Account Coordinator,Icelandic
423,Sholom,Goane,sgoanebq@barnesandnoble.com,Female,0314-3271138,Web Designer III,Georgian
424,Robers,Gaitone,rgaitonebr@deliciousdays.com,Khusra,0349-1807753,Administrative Officer,Indonesian
425,Virgil,Ferreli,vferrelibs@addtoany.com,Male,0329-4681812,Automation Specialist II,Italian
426,Raphaela,Kennaway,rkennawaybt@squarespace.com,Khusra,0338-6847870,Accountant II,Bengali
427,Hashim,Peaseman,hpeasemanbu@miibeian.gov.cn,Female,0347-4868708,Financial Analyst,Bulgarian
428,Gabrila,Extil,gextilbv@photobucket.com,Khusra,0328-4949867,Tax Accountant,Mongolian
429,Roddy,Spearett,rspearettbw@mlb.com,Female,0349-9652744,Registered Nurse,Dhivehi
430,Kirbee,Cotgrave,kcotgravebx@wikispaces.com,Khusra,0339-3449609,Professor,Kurdish
431,Roderich,Kinze,rkinzeby@bloglines.com,Male,0339-1995646,Graphic Designer,Swati
432,Antonina,Budge,abudgebz@apple.com,Khusra,0319-0158751,VP Quality Control,Spanish
433,Lynnette,Deeley,ldeeleyc0@blog.com,Khusra,0349-1615792,GIS Technical Architect,Polish
434,Dorri,Capron,dcapronc1@sakura.ne.jp,Female,0317-5148415,Payment Adjustment Coordinator,Korean
435,Kathie,Bennion,kbennionc2@merriam-webster.com,Khusra,0349-0973698,Research Assistant II,Hindi
436,Ada,Telford,atelfordc3@va.gov,Female,0349-4907186,Compensation Analyst,Hiri Motu
437,Dona,Danks,ddanksc4@github.io,Male,0346-6514378,Systems Administrator III,Montenegrin
438,Sibyl,De Lascy,sdelascyc5@google.co.jp,Khusra,0339-5275034,Programmer I,Dhivehi
439,Maria,Baggot,mbaggotc6@disqus.com,Female,0348-6600498,VP Marketing,Northern Sotho
440,Glyn,Godbert,ggodbertc7@senate.gov,Female,0339-1195083,Tax Accountant,Kurdish
441,Randolf,Hedden,rheddenc8@eepurl.com,Khusra,0349-1432615,Account Executive,Chinese
442,Verge,Alyokhin,valyokhinc9@pen.io,Khusra,0345-5312908,Mechanical Systems Engineer,Māori
443,Arabelle,Meynell,ameynellca@so-net.ne.jp,Male,0348-8614278,Budget/Accounting Analyst I,Burmese
444,Whitney,Wollaston,wwollastoncb@diigo.com,Khusra,0339-9786687,Senior Financial Analyst,Persian
445,Lanna,Paydon,lpaydoncc@constantcontact.com,Female,0348-5950390,Quality Engineer,Swati
446,Bridie,Goodby,bgoodbycd@com.com,Male,0338-0363611,Accountant I,Greek
447,Augy,Morcomb,amorcombce@toplist.cz,Khusra,0328-7087874,Research Assistant III,Papiamento
448,Marcos,Robers,mroberscf@about.me,Khusra,0339-0205703,VP Product Management,Hiri Motu
449,Levin,Chellenham,lchellenhamcg@etsy.com,Khusra,0347-8654567,Accounting Assistant II,Tswana
450,Helenka,Markovic,hmarkovicch@ycombinator.com,Female,0349-8920589,Cost Accountant,Moldovan
451,Donal,Rignold,drignoldci@shop-pro.jp,Khusra,0339-5026285,Research Nurse,Papiamento
452,Maxy,O'Fallone,mofallonecj@xing.com,Male,0347-4988468,Cost Accountant,Kazakh
453,Klement,Tenny,ktennyck@ucoz.com,Khusra,0338-1774543,Safety Technician I,Malay
454,Darrelle,Gerhartz,dgerhartzcl@lulu.com,Male,0336-2691507,Systems Administrator II,Bengali
455,Ann-marie,Ducarne,aducarnecm@1und1.de,Khusra,0343-4259325,Web Designer IV,Dutch
456,Obed,Verbrugghen,overbrugghencn@reverbnation.com,Khusra,0329-2424072,Environmental Tech,Sotho
457,Kial,Murch,kmurchco@gravatar.com,Khusra,0339-9966008,VP Product Management,Filipino
458,Lacey,Durtnell,ldurtnellcp@google.com.hk,Khusra,0346-7967453,Project Manager,Albanian
459,Misha,Fryman,mfrymancq@sitemeter.com,Khusra,0329-6845329,Biostatistician I,Swedish
460,Benny,Joynes,bjoynescr@sogou.com,Female,0338-0532690,Environmental Specialist,Nepali
461,Margie,Ravel,mravelcs@foxnews.com,Khusra,0348-3501591,Administrative Officer,Punjabi
462,Wesley,Hodgins,whodginsct@nymag.com,Male,0339-6287981,Nurse Practicioner,Danish
463,Giles,MacDermand,gmacdermandcu@furl.net,Khusra,0348-9792473,Director of Sales,Lao
464,Payton,Powner,ppownercv@marketwatch.com,Male,0347-3188048,Nurse Practicioner,Czech
465,Jobina,Menghi,jmenghicw@skyrock.com,Khusra,0338-5789083,Assistant Manager,Kashmiri
466,Talya,Fowell,tfowellcx@squarespace.com,Khusra,0348-5953088,Chief Design Engineer,New Zealand Sign Language
467,Joshua,Pittham,jpitthamcy@sourceforge.net,Male,0329-0244707,Junior Executive,Kazakh
468,Aloise,Paik,apaikcz@quantcast.com,Khusra,0346-3492036,Human Resources Assistant II,Maltese
469,Kathie,Roust,kroustd0@gravatar.com,Female,0346-6877962,Director of Sales,Burmese
470,Katie,Seggie,kseggied1@domainmarket.com,Khusra,0349-6619465,Account Coordinator,Mongolian
471,Clim,Fellows,cfellowsd2@nytimes.com,Male,0338-9593033,Associate Professor,Dutch
472,Emilio,Sekulla,esekullad3@nps.gov,Female,0349-9271722,Systems Administrator IV,Chinese
473,Peggy,Spread,pspreadd4@uol.com.br,Female,0347-5735746,Biostatistician III,Amharic
474,Erasmus,Vanyutin,evanyutind5@tinypic.com,Female,0347-4920832,Financial Advisor,Hiri Motu
475,Felice,Huddles,fhuddlesd6@sciencedirect.com,Female,0349-5615473,Chemical Engineer,Punjabi
476,Thibaut,Mac,tmacd7@sciencedaily.com,Female,0339-1782380,Web Developer II,Hindi
477,Veronica,Kave,vkaved8@about.me,Khusra,0336-6788429,Help Desk Technician,Tsonga
478,Jeramey,Ricson,jricsond9@nih.gov,Male,0349-2871154,Desktop Support Technician,Icelandic
479,Trudi,Bilney,tbilneyda@hostgator.com,Khusra,0346-0908343,Business Systems Development Analyst,Tsonga
480,Harcourt,Aldin,haldindb@reddit.com,Female,0349-8743032,Accounting Assistant I,Mongolian
481,Letitia,Greenaway,lgreenawaydc@about.me,Female,0346-8342080,Budget/Accounting Analyst II,Amharic
482,Rainer,Hallford,rhallforddd@weather.com,Khusra,0349-5596221,Senior Cost Accountant,Malagasy
483,Andras,Jellman,ajellmande@reddit.com,Male,0338-3595883,Software Consultant,Māori
484,Darelle,Choulerton,dchoulertondf@google.com,Khusra,0346-9781663,Legal Assistant,Luxembourgish
485,Minnnie,Featherstone,mfeatherstonedg@princeton.edu,Khusra,0348-7569345,Marketing Manager,Swati
486,Rachael,Rettie,rrettiedh@accuweather.com,Khusra,0347-2789824,Staff Accountant II,Haitian Creole
487,Jeffie,Helsby,jhelsbydi@scientificamerican.com,Khusra,0348-1199872,Associate Professor,Pashto
488,Jami,Pietzner,jpietznerdj@trellian.com,Khusra,0348-4034506,Programmer Analyst I,Tok Pisin
489,Althea,Pimblott,apimblottdk@vkontakte.ru,Male,0349-6209458,Dental Hygienist,Montenegrin
490,Lemar,Parmley,lparmleydl@nps.gov,Khusra,0338-5557940,Director of Sales,French
491,Michele,Romain,mromaindm@ted.com,Khusra,0347-9869979,VP Product Management,Albanian
492,Rodolph,Kierans,rkieransdn@admin.ch,Khusra,0348-0598652,VP Product Management,Tsonga
493,Thalia,Kaiser,tkaiserdo@ameblo.jp,Male,0338-4241682,Paralegal,Hebrew
494,Blanche,Sedman,bsedmandp@indiegogo.com,Khusra,0349-6569145,Computer Systems Analyst III,Afrikaans
495,Hilda,Hanham,hhanhamdq@fotki.com,Khusra,0338-8805415,Help Desk Technician,Malayalam
496,Anna,Stothart,astothartdr@biblegateway.com,Khusra,0339-8437119,Payment Adjustment Coordinator,Dzongkha
497,Stanford,Marcus,smarcusds@exblog.jp,Khusra,0336-4167209,Sales Representative,Latvian
498,Peyton,Carlozzi,pcarlozzidt@google.ca,Khusra,0349-3272275,Analog Circuit Design manager,Chinese
499,Imogene,Bartholomew,ibartholomewdu@webnode.com,Female,0339-3783290,Computer Systems Analyst IV,Malay
500,Kelci,Rawe,krawedv@hhs.gov,Khusra,0328-7525621,Mechanical Systems Engineer,Gagauz
501,Quinn,Raithby,qraithbydw@dailymail.co.uk,Khusra,0349-2110559,Clinical Specialist,German
502,Tedra,Gorton,tgortondx@symantec.com,Khusra,0349-6166542,Structural Analysis Engineer,Tsonga
503,Kalina,Testin,ktestindy@sun.com,Male,0328-4341132,Executive Secretary,Swahili
504,Shelbi,Knowlys,sknowlysdz@dot.gov,Khusra,0349-7019472,Analyst Programmer,Luxembourgish
505,Benedict,Goldhawk,bgoldhawke0@vkontakte.ru,Khusra,0329-7530230,Data Coordiator,Persian
506,Wendel,Huebner,whuebnere1@accuweather.com,Khusra,0347-6890796,GIS Technical Architect,Bulgarian
507,Enriqueta,Allsep,eallsepe2@google.ru,Khusra,0338-4722686,Structural Engineer,Afrikaans
508,Godart,Filipowicz,gfilipowicze3@ftc.gov,Khusra,0347-7606197,Automation Specialist I,Khmer
509,Ron,Jarvis,rjarvise4@altervista.org,Khusra,0329-2174259,Senior Financial Analyst,Luxembourgish
510,Abbe,Lortzing,alortzinge5@intel.com,Khusra,0326-1803082,Product Engineer,Swati
511,Merna,Hazael,mhazaele6@slate.com,Khusra,0339-6489155,Information Systems Manager,Gujarati
512,Pearce,Verchambre,pverchambree7@weather.com,Female,0337-6556480,Senior Financial Analyst,Bengali
513,Hamlen,Mendoza,hmendozae8@unicef.org,Khusra,0349-7623808,Sales Associate,Somali
514,Ali,Gravell,agravelle9@hc360.com,Female,0343-8495857,Speech Pathologist,Amharic
515,Mart,Sterman,mstermanea@oracle.com,Khusra,0346-9440171,Editor,Sotho
516,Thalia,Cissell,tcisselleb@earthlink.net,Khusra,0337-2916164,Internal Auditor,Romanian
517,Caldwell,Taill,ctaillec@sciencedirect.com,Female,0339-7469587,Quality Control Specialist,Afrikaans
518,Sandie,Clelland,sclellanded@pinterest.com,Khusra,0324-4771973,Information Systems Manager,Hiri Motu
519,Umeko,Mackelworth,umackelworthee@cbslocal.com,Female,0339-7547235,Marketing Manager,Belarusian
520,Lillian,MacGibbon,lmacgibbonef@gravatar.com,Khusra,0349-8210312,Project Manager,Māori
521,Laurent,Rubrow,lrubroweg@exblog.jp,Female,0329-9055384,Chief Design Engineer,English
522,Beverley,Griss,bgrisseh@columbia.edu,Khusra,0349-2182932,Internal Auditor,Gagauz
523,Samantha,Peace,speaceei@taobao.com,Female,0348-9899853,Financial Analyst,Romanian
524,Roslyn,Featherstonhaugh,rfeatherstonhaughej@digg.com,Khusra,0317-7602858,Geological Engineer,Tsonga
525,Wiley,Ditzel,wditzelek@mysql.com,Khusra,0348-5245343,Product Engineer,Polish
526,Enrika,Towse,etowseel@posterous.com,Khusra,0305-1293938,Health Coach I,Luxembourgish
527,Nevins,Lincke,nlinckeem@deviantart.com,Male,0309-1676004,Teacher,Assamese
528,Neilla,Chivrall,nchivrallen@imgur.com,Female,0348-3806419,Technical Writer,Czech
529,Susie,Pallent,spallenteo@bbc.co.uk,Khusra,0349-7512031,Operator,Tetum
530,Fernando,Goodband,fgoodbandep@ow.ly,Khusra,0339-2739996,Nurse Practicioner,Finnish
531,Audie,Walenta,awalentaeq@amazonaws.com,Khusra,0339-9018063,Technical Writer,Portuguese
532,Munmro,Churn,mchurner@dot.gov,Khusra,0349-8131759,Assistant Manager,Kazakh
533,Lisa,Beeden,lbeedenes@twitpic.com,Male,0329-9020247,Help Desk Operator,Lao
534,Tirrell,Antosik,tantosiket@foxnews.com,Female,0346-2634584,General Manager,Kurdish
535,Orelee,Ebhardt,oebhardteu@huffingtonpost.com,Female,0348-0901561,Web Developer I,Amharic
536,Jeremias,Greated,jgreatedev@jigsy.com,Male,0317-2233089,Desktop Support Technician,Macedonian
537,Wadsworth,Awde,wawdeew@slate.com,Khusra,0349-7773631,Statistician IV,Romanian
538,Jephthah,Fendley,jfendleyex@wikimedia.org,Female,0329-3355519,Environmental Specialist,Polish
539,Lorene,Shelf,lshelfey@latimes.com,Khusra,0348-8381265,Legal Assistant,Quechua
540,Hobard,Gilhouley,hgilhouleyez@netlog.com,Male,0349-4617627,Account Coordinator,Mongolian
541,Zondra,Fenton,zfentonf0@dyndns.org,Khusra,0333-0753545,Electrical Engineer,Kashmiri
542,Kathie,Mudd,kmuddf1@wordpress.org,Female,0348-3199908,Civil Engineer,Mongolian
543,Wolf,Livett,wlivettf2@studiopress.com,Male,0339-0472407,Actuary,Kyrgyz
544,Hilary,Segar,hsegarf3@ft.com,Khusra,0329-0905120,Structural Engineer,Malayalam
545,Aleksandr,Damper,adamperf4@mozilla.com,Male,0349-9507506,Environmental Tech,Swati
546,Collin,Hackleton,chackletonf5@forbes.com,Male,0349-3007818,Quality Control Specialist,Ndebele
547,Brad,Dinkin,bdinkinf6@nih.gov,Female,0309-7786199,Developer I,German
548,Seka,Sylvester,ssylvesterf7@devhub.com,Khusra,0349-3495595,Systems Administrator II,Quechua
549,Ezequiel,Sarjent,esarjentf8@php.net,Female,0349-0035882,Tax Accountant,Kyrgyz
550,Cosette,Lean,cleanf9@hud.gov,Khusra,0339-2494913,VP Sales,Afrikaans
551,Dick,Leddie,dleddiefa@com.com,Khusra,0329-0194524,Account Coordinator,Fijian
552,Hattie,Coggell,hcoggellfb@ow.ly,Khusra,0349-3160560,Chief Design Engineer,Lao
553,Clovis,Sprigging,cspriggingfc@odnoklassniki.ru,Khusra,0349-4390285,Payment Adjustment Coordinator,Kurdish
554,Matteo,Lougheid,mlougheidfd@opera.com,Khusra,0338-1271739,Financial Advisor,Albanian
555,Avictor,Udy,audyfe@elegantthemes.com,Female,0349-4954683,Software Test Engineer II,Burmese
556,Lynea,Dann,ldannff@dagondesign.com,Khusra,0345-0587602,Systems Administrator II,Bosnian
557,Cosetta,Larway,clarwayfg@businessinsider.com,Male,0347-2723905,Software Engineer IV,Thai
558,Porty,Laborde,plabordefh@cdbaby.com,Male,0348-5464345,Programmer Analyst I,English
559,Maison,Atwater,matwaterfi@bing.com,Female,0329-8095987,Health Coach I,Kazakh
560,Cati,Freschini,cfreschinifj@sakura.ne.jp,Male,0339-9833955,Product Engineer,Bislama
561,Coop,Probbin,cprobbinfk@phoca.cz,Khusra,0349-3149486,Health Coach IV,Persian
562,Erena,Dunbleton,edunbletonfl@ustream.tv,Khusra,0348-3899404,Marketing Manager,Afrikaans
563,Jone,Swede,jswedefm@ca.gov,Khusra,0344-4829069,Senior Sales Associate,Czech
564,Chilton,Assandri,cassandrifn@sina.com.cn,Khusra,0309-5137521,Pharmacist,Kurdish
565,Domenico,Matzeitis,dmatzeitisfo@techcrunch.com,Khusra,0348-0180022,Recruiting Manager,Ndebele
566,Dina,Denyagin,ddenyaginfp@squidoo.com,Khusra,0347-8324631,Chief Design Engineer,Polish
567,Raynor,Wiggin,rwigginfq@cnbc.com,Khusra,0349-8961025,Nurse Practicioner,Swahili
568,Val,Gelder,vgelderfr@1und1.de,Khusra,0349-0236559,Account Coordinator,Malay
569,Garry,Orrett,gorrettfs@linkedin.com,Khusra,0348-9739355,Electrical Engineer,Azeri
570,Elka,Elfitt,eelfittft@xrea.com,Khusra,0329-7899970,Media Manager III,Arabic
571,Luisa,Domesday,ldomesdayfu@github.io,Female,0349-8556879,Senior Cost Accountant,Albanian
572,Jessica,Dunnet,jdunnetfv@nature.com,Khusra,0349-1222137,Project Manager,Armenian
573,Olimpia,Sangwine,osangwinefw@who.int,Male,0346-4527234,Professor,Aymara
574,Raimund,Barrell,rbarrellfx@multiply.com,Female,0349-9846815,Data Coordiator,Tetum
575,Ricoriki,Goodwell,rgoodwellfy@bizjournals.com,Khusra,0339-2247401,Graphic Designer,Haitian Creole
576,Price,Noyes,pnoyesfz@e-recht24.de,Khusra,0349-3987452,Sales Representative,German
577,Gabby,Jasiak,gjasiakg0@example.com,Khusra,0348-2668241,Occupational Therapist,Tajik
578,Freddie,Solon,fsolong1@unesco.org,Male,0349-7168517,Quality Engineer,Maltese
579,Les,Stone Fewings,lstonefewingsg2@google.com.br,Female,0338-6514258,Health Coach I,Lao
580,Gaven,Layton,glaytong3@scientificamerican.com,Khusra,0348-1758855,Director of Sales,Arabic
581,Constancia,Kerwood,ckerwoodg4@wix.com,Khusra,0337-5748689,Software Consultant,Malay
582,Stephen,Bunch,sbunchg5@usa.gov,Male,0318-3777484,Teacher,Kyrgyz
583,Peder,Ratazzi,pratazzig6@merriam-webster.com,Female,0349-1535422,Office Assistant II,Moldovan
584,Mortimer,Grzegorecki,mgrzegoreckig7@digg.com,Khusra,0338-3154098,Human Resources Manager,Catalan
585,Norbie,Kleisel,nkleiselg8@cbsnews.com,Female,0339-4032723,Financial Advisor,Dari
586,Will,Purkiss,wpurkissg9@infoseek.co.jp,Khusra,0346-9952739,Registered Nurse,Nepali
587,Alfonse,Wellsman,awellsmanga@histats.com,Khusra,0349-4827126,General Manager,Fijian
588,Loren,Shepstone,lshepstonegb@deliciousdays.com,Khusra,0348-6684045,Mechanical Systems Engineer,Latvian
589,Kissee,Huc,khucgc@epa.gov,Female,0349-8599266,Assistant Manager,Assamese
590,Lydia,Diprose,ldiprosegd@pagesperso-orange.fr,Khusra,0348-3420897,Human Resources Manager,Dzongkha
591,Olin,Ross,orossge@wiley.com,Male,0349-0951638,Project Manager,Tsonga
592,Gladys,Sutcliff,gsutcliffgf@creativecommons.org,Khusra,0337-9301376,Help Desk Operator,Papiamento
593,Eloisa,Buzine,ebuzinegg@yelp.com,Male,0308-8302099,Accountant IV,Kyrgyz
594,Britte,Rosenbloom,brosenbloomgh@cpanel.net,Khusra,0338-2493700,Accounting Assistant III,Gujarati
595,Agneta,Buckell,abuckellgi@soundcloud.com,Khusra,0335-7907396,Web Developer II,Nepali
596,Rosalynd,Steptow,rsteptowgj@youtu.be,Khusra,0337-3538597,Nuclear Power Engineer,Lithuanian
597,Vivianna,Howood,vhowoodgk@pinterest.com,Khusra,0338-0444729,Sales Representative,Montenegrin
598,Heddi,Braniff,hbraniffgl@blogtalkradio.com,Female,0349-5660974,Food Chemist,Japanese
599,Clem,Britcher,cbritchergm@acquirethisname.com,Male,0339-9671849,Research Nurse,Hindi
600,Cliff,Jacqueme,cjacquemegn@plala.or.jp,Khusra,0338-8181463,Chief Design Engineer,Khmer
601,Syman,Louisot,slouisotgo@feedburner.com,Khusra,0328-1161980,Statistician I,Luxembourgish
602,Nerita,Havvock,nhavvockgp@homestead.com,Khusra,0339-0441633,VP Marketing,Croatian
603,Case,Sauter,csautergq@weather.com,Female,0339-0458061,Staff Scientist,Oriya
604,Corry,Manhare,cmanharegr@artisteer.com,Khusra,0339-0376538,Programmer II,Hiri Motu
605,Denis,Gramer,dgramergs@senate.gov,Female,0349-9239840,GIS Technical Architect,Dari
606,Merle,Mushet,mmushetgt@mac.com,Khusra,0329-6572777,Analog Circuit Design manager,Italian
607,Dyane,McCarrick,dmccarrickgu@wiley.com,Khusra,0343-4955168,Paralegal,Catalan
608,Aridatha,Ciotto,aciottogv@mtv.com,Khusra,0349-4997088,Engineer II,Albanian
609,Zeke,Dunge,zdungegw@eepurl.com,Khusra,0349-0708347,Human Resources Manager,French
610,Ninon,Abrahmson,nabrahmsongx@tinypic.com,Male,0309-2131981,Database Administrator I,Danish
611,Sashenka,Benwell,sbenwellgy@issuu.com,Khusra,0349-1498706,Recruiter,Danish
612,Rodger,Laugheran,rlaugherangz@behance.net,Khusra,0328-3834797,Tax Accountant,Malayalam
613,Frazer,Reyes,freyesh0@privacy.gov.au,Male,0348-5270300,Research Assistant I,Dari
614,Gusti,O'Carmody,gocarmodyh1@auda.org.au,Khusra,0347-7711520,Recruiting Manager,Norwegian
615,Elysee,Heinschke,eheinschkeh2@census.gov,Female,0329-5814062,Senior Quality Engineer,Kashmiri
616,Elfrieda,Feathers,efeathersh3@miibeian.gov.cn,Khusra,0309-1794766,Sales Representative,Gagauz
617,Alissa,Farnish,afarnishh4@google.co.uk,Khusra,0329-5616663,Social Worker,Irish Gaelic
618,Lane,Eyer,leyerh5@mediafire.com,Male,0349-8252123,Help Desk Operator,Bosnian
619,Gordon,Cumberbatch,gcumberbatchh6@is.gd,Male,0325-2787951,Environmental Tech,Norwegian
620,Karine,Bartlomieczak,kbartlomieczakh7@edublogs.org,Female,0349-0128744,Marketing Assistant,Lithuanian
621,Conn,Mouncey,cmounceyh8@icq.com,Female,0349-9754488,Recruiter,Malay
622,Lennie,Severns,lsevernsh9@addthis.com,Male,0338-3356010,General Manager,Assamese
623,Sasha,Kadar,skadarha@army.mil,Khusra,0349-3899681,Marketing Manager,Aymara
624,Keenan,Kopmann,kkopmannhb@latimes.com,Khusra,0339-7338536,Actuary,Kurdish
625,Eleonora,Keld,ekeldhc@live.com,Khusra,0349-8409586,Executive Secretary,Portuguese
626,Adoree,Gumary,agumaryhd@nytimes.com,Khusra,0328-4226972,Accounting Assistant III,Guaraní
627,Andrew,Glossup,aglossuphe@prnewswire.com,Female,0349-8231594,Account Representative III,Indonesian
628,Gustavus,Brinklow,gbrinklowhf@toplist.cz,Female,0346-3910364,Budget/Accounting Analyst IV,Portuguese
629,Rosamond,Forton,rfortonhg@t.co,Khusra,0349-7526606,Software Engineer I,Finnish
630,Cicely,Brosini,cbrosinihh@feedburner.com,Female,0349-1798406,Sales Representative,Korean
631,Larina,Ciccotto,lciccottohi@marriott.com,Khusra,0316-4190014,Staff Accountant II,Malagasy
632,Hildagard,Loosmore,hloosmorehj@japanpost.jp,Male,0349-2838351,Speech Pathologist,Catalan
633,Gill,Brauninger,gbrauningerhk@apple.com,Female,0337-7181226,Electrical Engineer,Gagauz
634,Maud,Ziehms,mziehmshl@cdbaby.com,Female,0339-2020015,Account Coordinator,Danish
635,Dan,Cummungs,dcummungshm@mashable.com,Female,0336-5969905,Sales Associate,Amharic
636,Findley,Broderick,fbroderickhn@yandex.ru,Male,0307-6311381,Graphic Designer,Fijian
637,Hanson,Rolls,hrollsho@mapy.cz,Female,0305-2324895,Tax Accountant,Arabic
638,Roxanne,Edgerly,redgerlyhp@elegantthemes.com,Female,0349-3137421,Account Representative III,Telugu
639,Bertrand,Vakhrushev,bvakhrushevhq@google.com.hk,Male,0306-4165286,Junior Executive,German
640,Zachery,Brosio,zbrosiohr@imgur.com,Female,0345-8565188,Junior Executive,Nepali
641,Christin,Buxsy,cbuxsyhs@fda.gov,Female,0349-7025328,Dental Hygienist,Danish
642,Dotty,Moyers,dmoyersht@netlog.com,Male,0347-2432629,Staff Accountant III,Kazakh
643,Sella,Gauntlett,sgauntletthu@ibm.com,Khusra,0348-7390753,Account Coordinator,Dutch
644,Jud,Stampfer,jstampferhv@aol.com,Khusra,0337-0375419,Nuclear Power Engineer,Swedish
645,Rudy,Jerrand,rjerrandhw@bing.com,Khusra,0339-5945520,Nuclear Power Engineer,Lao
646,Jermayne,Stouther,jstoutherhx@indiegogo.com,Female,0337-2121400,Project Manager,German
647,Celestyna,Brickstock,cbrickstockhy@howstuffworks.com,Male,0307-0947617,Assistant Professor,Sotho
648,Lancelot,Spon,lsponhz@time.com,Female,0337-4943343,Accountant I,Luxembourgish
649,Lucius,Tape,ltapei0@google.com.br,Khusra,0349-5243890,Account Executive,West Frisian
650,Wait,Vanns,wvannsi1@umich.edu,Khusra,0348-4317695,Tax Accountant,New Zealand Sign Language
651,Breanne,Praundlin,bpraundlini2@latimes.com,Khusra,0349-7822681,Quality Engineer,Kyrgyz
652,Araldo,Checcucci,acheccuccii3@google.co.uk,Khusra,0319-1616613,Quality Control Specialist,Estonian
653,Tandy,MacKean,tmackeani4@ucoz.com,Female,0348-0668690,Research Assistant II,Amharic
654,Craggy,Eckersall,ceckersalli5@mysql.com,Khusra,0349-5216590,Software Test Engineer I,Marathi
655,Cassaundra,Tarver,ctarveri6@howstuffworks.com,Khusra,0339-1004634,Marketing Assistant,Italian
656,Patience,Michelet,pmicheleti7@whitehouse.gov,Male,0349-5600271,Software Engineer IV,Malagasy
657,Aline,Simenon,asimenoni8@skyrock.com,Khusra,0349-4677972,Compensation Analyst,Swahili
658,Constantine,Nobes,cnobesi9@time.com,Khusra,0339-9813873,Database Administrator I,Afrikaans
659,Ingar,Fenny,ifennyia@time.com,Male,0308-3058827,Senior Financial Analyst,Northern Sotho
660,Danie,Beston,dbestonib@nifty.com,Male,0349-9617007,Engineer II,Kazakh
661,Idell,Mattielli,imattielliic@cocolog-nifty.com,Female,0348-2405584,Web Developer III,Kazakh
662,Ricky,Taudevin,rtaudevinid@ebay.com,Female,0349-7302925,Nurse Practicioner,Fijian
663,Ferris,Tureville,fturevilleie@noaa.gov,Female,0349-1828013,Technical Writer,Moldovan
664,Lezlie,Crosham,lcroshamif@sciencedirect.com,Female,0349-7715434,Marketing Assistant,Azeri
665,Godart,Guess,gguessig@free.fr,Khusra,0349-4285458,Geologist I,Fijian
666,Georgena,Prickett,gprickettih@macromedia.com,Female,0308-2841592,Associate Professor,Lao
667,Lira,Avo,lavoii@scientificamerican.com,Male,0347-2775819,Junior Executive,Ndebele
668,Edyth,Amoore,eamooreij@cocolog-nifty.com,Female,0349-3427764,Quality Engineer,Dari
669,Martainn,Swinford,mswinfordik@ucsd.edu,Male,0342-2499959,Senior Developer,Marathi
670,Vivi,Gilbody,vgilbodyil@wsj.com,Male,0349-8298437,Senior Editor,Croatian
671,Roddy,Drable,rdrableim@example.com,Khusra,0349-1092859,Marketing Manager,Estonian
672,Martino,Roseaman,mroseamanin@godaddy.com,Khusra,0338-5585423,Cost Accountant,Portuguese
673,Ive,Doxsey,idoxseyio@yale.edu,Male,0318-3597273,Research Assistant III,Malayalam
674,Florian,Adamides,fadamidesip@zdnet.com,Male,0349-5070088,Account Executive,Lao
675,Conny,Sanja,csanjaiq@salon.com,Male,0307-8785503,Civil Engineer,Aymara
676,Bradly,Moir,bmoirir@lycos.com,Khusra,0328-6558186,Dental Hygienist,Dari
677,Elmira,Caudle,ecaudleis@bloglovin.com,Khusra,0349-7484120,Staff Accountant I,Czech
678,Adolphus,Hischke,ahischkeit@yellowpages.com,Khusra,0318-9509356,Nuclear Power Engineer,Bosnian
679,Lancelot,Abercrombie,labercrombieiu@1688.com,Male,0347-8646681,Financial Analyst,Tok Pisin
680,Sammy,Cruickshanks,scruickshanksiv@ca.gov,Male,0328-0869642,Web Designer IV,Dutch
681,Jayne,Munt,jmuntiw@wordpress.com,Male,0349-5673054,Senior Developer,Gagauz
682,Lauri,Greg,lgregix@opensource.org,Male,0345-5979075,Office Assistant I,Papiamento
683,Saw,Swanborough,sswanboroughiy@ted.com,Female,0319-0075524,Librarian,Kazakh
684,Lannie,Murdie,lmurdieiz@sciencedaily.com,Khusra,0339-2169622,Computer Systems Analyst II,Irish Gaelic
685,Reggis,Breakwell,rbreakwellj0@fastcompany.com,Khusra,0347-0378022,Human Resources Manager,Irish Gaelic
686,Katinka,Hoyt,khoytj1@addtoany.com,Khusra,0349-8553749,Accountant III,Malay
687,Tybi,Ivanchin,tivanchinj2@businesswire.com,Khusra,0347-6041952,Marketing Assistant,Estonian
688,Ryan,Loker,rlokerj3@ezinearticles.com,Female,0329-0437119,Office Assistant II,Polish
689,Damien,Rahlof,drahlofj4@reference.com,Khusra,0349-3712663,Compensation Analyst,Persian
690,Joby,Driussi,jdriussij5@godaddy.com,Male,0338-5581036,Financial Analyst,Dutch
691,Jorey,Lippi,jlippij6@eventbrite.com,Male,0307-0279407,Compensation Analyst,Italian
692,Coralyn,McVitie,cmcvitiej7@nymag.com,Female,0338-9438220,Media Manager IV,Indonesian
693,Faustine,Aldrick,faldrickj8@ucla.edu,Male,0338-9129597,Database Administrator III,Ndebele
694,Alica,Klebes,aklebesj9@free.fr,Khusra,0339-5102518,Pharmacist,Mongolian
695,Gavan,Blaszczynski,gblaszczynskija@sitemeter.com,Male,0347-7109232,Senior Sales Associate,Chinese
696,Manon,Graveston,mgravestonjb@studiopress.com,Khusra,0348-5249701,Safety Technician I,Fijian
697,Reinwald,Bunker,rbunkerjc@ask.com,Female,0329-0241062,VP Accounting,Amharic
698,Xylina,Witling,xwitlingjd@cbsnews.com,Male,0349-3830916,Assistant Manager,Hungarian
699,Teador,Holmyard,tholmyardje@archive.org,Female,0347-7521482,Executive Secretary,Malayalam
700,Jone,Dollard,jdollardjf@admin.ch,Khusra,0349-5293597,Environmental Tech,Danish
701,Blane,Elsmore,belsmorejg@cisco.com,Khusra,0349-9916941,Compensation Analyst,West Frisian
702,Fields,Victor,fvictorjh@pinterest.com,Khusra,0325-4651264,Senior Cost Accountant,Finnish
703,Cherye,Geistmann,cgeistmannji@unc.edu,Khusra,0349-6549952,Nurse Practicioner,Japanese
704,Weber,Smaile,wsmailejj@vimeo.com,Female,0336-6658658,Environmental Specialist,Somali
705,Massimiliano,Berk,mberkjk@shinystat.com,Female,0349-9599354,Research Associate,Dutch
706,Marlo,Perez,mperezjl@yandex.ru,Khusra,0349-5582770,Software Consultant,Assamese
707,Lula,Heaphy,lheaphyjm@hatena.ne.jp,Male,0348-6364934,Pharmacist,Afrikaans
708,Kerwinn,Obeney,kobeneyjn@w3.org,Khusra,0327-4557089,Nurse Practicioner,Thai
709,Jolie,Wornum,jwornumjo@mapquest.com,Khusra,0308-1475850,Biostatistician II,Croatian
710,Pia,Leathart,pleathartjp@merriam-webster.com,Khusra,0339-0497985,Junior Executive,Swahili
711,Danila,Groveham,dgrovehamjq@t.co,Female,0338-7024825,Staff Scientist,Finnish
712,Shandra,Menchenton,smenchentonjr@altervista.org,Male,0348-0815139,Assistant Manager,Pashto
713,Halimeda,Pollins,hpollinsjs@rakuten.co.jp,Male,0347-5156356,Food Chemist,Tajik
714,Codie,Rodder,crodderjt@spotify.com,Male,0338-3478707,Food Chemist,Khmer
715,Rivkah,Dovey,rdoveyju@google.pl,Female,0349-6863071,Information Systems Manager,Northern Sotho
716,Sidney,Wigin,swiginjv@google.com.br,Khusra,0347-0239084,Computer Systems Analyst II,Polish
717,Archie,MacPherson,amacphersonjw@360.cn,Male,0347-1330496,VP Accounting,Montenegrin
718,Hedy,Caselli,hcasellijx@bbb.org,Khusra,0338-3989390,Assistant Media Planner,Polish
719,Devonna,Albert,dalbertjy@youtu.be,Khusra,0349-7748525,Product Engineer,Lao
720,Eugine,Andrat,eandratjz@state.tx.us,Male,0319-0589971,Teacher,Hungarian
721,Sapphira,Ollie,solliek0@chronoengine.com,Khusra,0329-1179688,Assistant Professor,Punjabi
722,Ricoriki,Gamell,rgamellk1@pinterest.com,Khusra,0349-3543510,Senior Developer,Finnish
723,Brynne,Ourry,bourryk2@irs.gov,Khusra,0339-3378973,Assistant Manager,Papiamento
724,Bernarr,Munkley,bmunkleyk3@amazon.de,Khusra,0306-7169003,Account Representative II,Macedonian
725,Damian,Oppie,doppiek4@bloglovin.com,Female,0348-8964123,GIS Technical Architect,Japanese
726,Valeda,Foulkes,vfoulkesk5@simplemachines.org,Khusra,0339-8915377,VP Quality Control,Zulu
727,Merry,Silber,msilberk6@myspace.com,Khusra,0346-5987585,Staff Scientist,Hindi
728,Sephira,Wedgbrow,swedgbrowk7@surveymonkey.com,Khusra,0349-6748654,Executive Secretary,Romanian
729,Sybil,Pigny,spignyk8@hostgator.com,Male,0349-7680590,Environmental Specialist,Japanese
730,Gilles,Grinstead,ggrinsteadk9@t.co,Khusra,0339-1871310,Human Resources Manager,Latvian
731,Bernard,Besse,bbesseka@newsvine.com,Khusra,0348-9442201,VP Accounting,Quechua
732,Godfree,MacShirrie,gmacshirriekb@ucla.edu,Male,0349-3992292,Environmental Specialist,Indonesian
733,Engelbert,Huntingdon,ehuntingdonkc@pagesperso-orange.fr,Female,0338-0265925,Recruiter,Marathi
734,Fons,Glasper,fglasperkd@networksolutions.com,Female,0327-3312113,Mechanical Systems Engineer,Tajik
735,Corly,Borzone,cborzoneke@list-manage.com,Khusra,0349-7726929,Budget/Accounting Analyst I,Chinese
736,Selle,Garraway,sgarrawaykf@amazonaws.com,Female,0317-4822672,Office Assistant II,Icelandic
737,Evie,Douglass,edouglasskg@163.com,Khusra,0349-5407156,Senior Cost Accountant,Bosnian
738,Noni,Smeath,nsmeathkh@twitter.com,Khusra,0349-9117832,Food Chemist,Papiamento
739,Ronna,Bleaden,rbleadenki@51.la,Khusra,0348-5055830,Civil Engineer,Yiddish
740,Natalina,Cohani,ncohanikj@businessweek.com,Male,0338-7572199,VP Product Management,Swati
741,Angeline,Sainteau,asainteaukk@mashable.com,Male,0348-1253484,Media Manager I,Zulu
742,Morry,Gingle,mginglekl@ovh.net,Male,0347-1300357,Structural Analysis Engineer,Kannada
743,Mariya,Lowne,mlownekm@dell.com,Khusra,0303-4400582,Account Representative III,Romanian
744,Zia,Godlonton,zgodlontonkn@usnews.com,Male,0349-7627983,Electrical Engineer,Portuguese
745,Nate,Chestle,nchestleko@soup.io,Female,0339-2072222,Legal Assistant,Sotho
746,Gerti,Barfitt,gbarfittkp@liveinternet.ru,Male,0339-8409097,Social Worker,Dzongkha
747,Errol,Bows,ebowskq@marketwatch.com,Male,0348-8592579,Operator,Fijian
748,Rudiger,Peniello,rpeniellokr@blogs.com,Khusra,0334-5591332,Biostatistician IV,Malagasy
749,Alysa,Jensen,ajensenks@msn.com,Female,0324-3715201,Project Manager,Northern Sotho
750,Ines,Featherbie,ifeatherbiekt@nyu.edu,Khusra,0349-6820477,Budget/Accounting Analyst IV,Afrikaans
751,Caresse,Infantino,cinfantinoku@unesco.org,Khusra,0348-8636210,Account Coordinator,Papiamento
752,Laney,Barnsdall,lbarnsdallkv@wikispaces.com,Male,0339-8463598,VP Product Management,Telugu
753,Jackie,Pedron,jpedronkw@exblog.jp,Male,0347-8891604,Structural Engineer,Italian
754,Thorpe,Fawdery,tfawderykx@google.es,Male,0329-1124836,Chief Design Engineer,Arabic
755,Libbi,Bridgland,lbridglandky@miibeian.gov.cn,Male,0349-9797433,Engineer IV,Belarusian
756,Solly,Hordell,shordellkz@edublogs.org,Khusra,0347-8840267,Office Assistant II,Māori
757,Christiana,Brogiotti,cbrogiottil0@bluehost.com,Khusra,0348-2137015,Project Manager,Zulu
758,Granville,Label,glabell1@china.com.cn,Khusra,0326-0335668,Quality Engineer,Luxembourgish
759,Candra,MacGebenay,cmacgebenayl2@buzzfeed.com,Female,0348-8530720,Financial Advisor,Catalan
760,Willie,Shackleton,wshackletonl3@ow.ly,Khusra,0349-8445941,Web Developer III,Sotho
761,Cinda,Alekhov,calekhovl4@devhub.com,Female,0329-6584545,Civil Engineer,Sotho
762,Annice,Harbertson,aharbertsonl5@google.cn,Khusra,0349-0423881,Budget/Accounting Analyst IV,Tswana
763,Elicia,MacHarg,emachargl6@gizmodo.com,Khusra,0348-0565066,Business Systems Development Analyst,Swati
764,Issy,Gianneschi,igianneschil7@google.co.jp,Male,0318-0343110,Accountant I,Japanese
765,Laverne,Fraser,lfraserl8@newsvine.com,Khusra,0349-4319574,Software Consultant,Tswana
766,Bay,Coushe,bcoushel9@multiply.com,Khusra,0319-8244873,Statistician IV,Irish Gaelic
767,Leann,Goracci,lgoraccila@wp.com,Khusra,0329-0503115,Tax Accountant,Pashto
768,Darline,Sach,dsachlb@shutterfly.com,Khusra,0329-0685529,Payment Adjustment Coordinator,Pashto
769,Conchita,Igounet,cigounetlc@squidoo.com,Khusra,0347-7866493,Help Desk Operator,Dari
770,Harp,Bloxland,hbloxlandld@ox.ac.uk,Female,0309-7445223,Structural Analysis Engineer,Italian
771,Brittney,Rushford,brushfordle@fotki.com,Female,0349-2854040,Programmer I,Haitian Creole
772,Inglis,Bridgland,ibridglandlf@cpanel.net,Khusra,0336-5837310,Technical Writer,Punjabi
773,Orton,O' Timony,ootimonylg@nbcnews.com,Khusra,0347-1192995,Nuclear Power Engineer,Indonesian
774,Colin,Fell,cfelllh@sfgate.com,Male,0329-4719285,VP Accounting,Tamil
775,Cele,Janodet,cjanodetli@dailymail.co.uk,Female,0339-6118946,Programmer III,Hebrew
776,Bowie,Petrik,bpetriklj@oracle.com,Male,0337-5598403,Account Representative II,Dutch
777,Tabor,Selborne,tselbornelk@seattletimes.com,Male,0349-6767389,VP Quality Control,Swati
778,Latrena,de Aguirre,ldeaguirrell@alibaba.com,Female,0348-4000449,Research Nurse,Dari
779,Sonnie,Simioni,ssimionilm@hubpages.com,Male,0348-9999212,Technical Writer,Afrikaans
780,Petrina,MacIlhagga,pmacilhaggaln@i2i.jp,Khusra,0319-4535895,Executive Secretary,Burmese
781,Fania,Dimmock,fdimmocklo@telegraph.co.uk,Khusra,0339-4082892,Analyst Programmer,Tamil
782,Kayle,Miles,kmileslp@etsy.com,Khusra,0339-3339573,Web Developer IV,Nepali
783,Milli,Cantwell,mcantwelllq@taobao.com,Khusra,0349-8614743,Senior Sales Associate,Swati
784,Lennard,Pavlata,lpavlatalr@weibo.com,Khusra,0348-7184042,Paralegal,Japanese
785,Pavlov,Ellsbury,pellsburyls@homestead.com,Khusra,0348-7765640,Accountant IV,Tamil
786,Fiona,Gloy,fgloylt@dropbox.com,Male,0329-3883783,Staff Accountant IV,Italian
787,Roderic,Vowells,rvowellslu@edublogs.org,Female,0348-8247306,Structural Analysis Engineer,Gujarati
788,Berenice,Blandamere,bblandamerelv@cnet.com,Female,0349-4576111,Structural Analysis Engineer,Filipino
789,Ruddy,Ettels,rettelslw@bravesites.com,Male,0309-6765461,Account Executive,Swati
790,Willy,Carnegie,wcarnegielx@homestead.com,Male,0349-2941375,Librarian,Hebrew
791,Somerset,Hailey,shaileyly@github.io,Khusra,0319-5419950,Executive Secretary,Kyrgyz
792,Kiley,Larkings,klarkingslz@harvard.edu,Male,0346-6712097,Electrical Engineer,Bengali
793,Colby,Rothschild,crothschildm0@canalblog.com,Khusra,0349-5556064,Senior Developer,Papiamento
794,Darla,Matschke,dmatschkem1@a8.net,Male,0337-5562819,Registered Nurse,Luxembourgish
795,Jacqueline,Hutchins,jhutchinsm2@pbs.org,Female,0348-3646691,VP Marketing,Swati
796,Byrann,Eve,bevem3@mail.ru,Female,0348-0645697,Human Resources Manager,Mongolian
797,Luz,Jedrachowicz,ljedrachowiczm4@wufoo.com,Male,0346-5645727,VP Marketing,Marathi
798,Grove,Moss,gmossm5@walmart.com,Khusra,0348-6648714,Structural Engineer,Tamil
799,Elaina,Pietersen,epietersenm6@woothemes.com,Male,0309-4633086,Social Worker,Afrikaans
800,Tito,Buckoke,tbuckokem7@chron.com,Female,0330-5542359,Design Engineer,Malay
801,Dot,Feldberger,dfeldbergerm8@nhs.uk,Male,0334-1777445,Media Manager III,Ndebele
802,Rheba,Cudiff,rcudiffm9@yellowpages.com,Khusra,0329-8750349,Programmer Analyst III,Malayalam
803,Lon,Rodolfi,lrodolfima@hibu.com,Female,0347-8938597,Staff Scientist,Malay
804,Worden,Hatz,whatzmb@newsvine.com,Khusra,0334-8356681,Statistician III,Korean
805,Ajay,Jorn,ajornmc@hp.com,Khusra,0339-6481987,Librarian,Northern Sotho
806,Ernestus,Adnet,eadnetmd@hud.gov,Khusra,0346-8949398,Librarian,Pashto
807,Kathryn,O' Hanvey,kohanveyme@ustream.tv,Khusra,0319-0345368,Administrative Officer,Somali
808,Clay,Raigatt,craigattmf@fotki.com,Khusra,0347-0844703,Mechanical Systems Engineer,Pashto
809,Sonia,Cubberley,scubberleymg@imgur.com,Khusra,0349-1870190,Director of Sales,New Zealand Sign Language
810,Cirillo,Clemonts,cclemontsmh@senate.gov,Khusra,0348-5046319,Financial Analyst,Filipino
811,Lamond,Volkers,lvolkersmi@jalbum.net,Male,0319-9372137,GIS Technical Architect,English
812,Lotte,Hawkings,lhawkingsmj@wordpress.org,Male,0349-7079084,Tax Accountant,Bengali
813,Fredrika,Hattam,fhattammk@mediafire.com,Male,0329-0756577,Business Systems Development Analyst,Bengali
814,Tannie,Dickens,tdickensml@naver.com,Khusra,0346-4977543,Software Test Engineer III,Tamil
815,Barron,Lack,blackmm@artisteer.com,Female,0336-4403786,Actuary,Macedonian
816,Thatcher,Duffy,tduffymn@smh.com.au,Khusra,0349-9960941,Budget/Accounting Analyst I,Tok Pisin
817,Nevins,Scranney,nscranneymo@latimes.com,Khusra,0349-6991813,Human Resources Manager,Punjabi
818,Lizzy,Rivallant,lrivallantmp@scientificamerican.com,Male,0319-1103627,Help Desk Technician,Swahili
819,Don,Overlow,doverlowmq@pcworld.com,Female,0319-6175362,Financial Advisor,Tetum
820,Irwinn,Burbage,iburbagemr@cbsnews.com,Male,0349-7983626,Database Administrator IV,Azeri
821,Audie,Josebury,ajoseburyms@chicagotribune.com,Khusra,0345-8008706,Mechanical Systems Engineer,Hungarian
822,Konrad,Nemchinov,knemchinovmt@usa.gov,Female,0346-4328084,Geological Engineer,Māori
823,Martynne,Maddison,mmaddisonmu@bbb.org,Khusra,0349-8592022,Human Resources Assistant I,Kurdish
824,Flemming,Lanfranconi,flanfranconimv@cam.ac.uk,Khusra,0348-7811360,Environmental Tech,English
825,Noah,Wardale,nwardalemw@shop-pro.jp,Female,0338-5089974,Operator,Māori
826,Ethan,Heaysman,eheaysmanmx@t-online.de,Khusra,0338-0849258,Quality Engineer,Bislama
827,Rochelle,Roderighi,rroderighimy@google.es,Khusra,0349-7121439,Database Administrator II,Gujarati
828,Goldi,Strute,gstrutemz@economist.com,Khusra,0348-6189988,Pharmacist,Bislama
829,Gregorius,Denkel,gdenkeln0@hatena.ne.jp,Khusra,0301-3075437,Information Systems Manager,Macedonian
830,Wells,Kee,wkeen1@psu.edu,Khusra,0349-8230111,Data Coordiator,Montenegrin
831,Samara,Cowpertwait,scowpertwaitn2@intel.com,Khusra,0349-9068037,Structural Analysis Engineer,Fijian
832,Elita,Viall,evialln3@webnode.com,Female,0318-5926322,Dental Hygienist,Irish Gaelic
833,Felizio,Ruskin,fruskinn4@bloglines.com,Female,0317-2162074,Environmental Specialist,Tswana
834,Clair,Waylett,cwaylettn5@360.cn,Khusra,0345-6952549,Human Resources Manager,Assamese
835,Giff,Hurt,ghurtn6@sitemeter.com,Khusra,0308-7262212,Community Outreach Specialist,Greek
836,Paola,Harlowe,pharlowen7@qq.com,Male,0339-6004506,Community Outreach Specialist,Azeri
837,Shannan,Mosley,smosleyn8@qq.com,Khusra,0347-2924003,Staff Scientist,Kurdish
838,Dolli,Ducaen,dducaenn9@army.mil,Male,0349-1894361,Food Chemist,Norwegian
839,Samuele,Dikelin,sdikelinna@fastcompany.com,Khusra,0346-3617148,Nuclear Power Engineer,Hungarian
840,Barry,Licquorish,blicquorishnb@google.com.br,Khusra,0349-8131784,Web Developer II,Macedonian
841,Archibald,Geertz,ageertznc@skyrock.com,Khusra,0338-7220099,Tax Accountant,Romanian
842,Ganny,Meuse,gmeusend@webeden.co.uk,Khusra,0339-8496266,Product Engineer,Mongolian
843,Logan,McCarle,lmccarlene@gizmodo.com,Khusra,0308-7484447,Staff Accountant III,Arabic
844,Estel,Klagge,eklaggenf@vinaora.com,Female,0328-8329613,Nurse,Mongolian
845,Lotty,Yeats,lyeatsng@dedecms.com,Female,0349-5471704,Administrative Officer,Greek
846,Zelda,Spadaro,zspadaronh@symantec.com,Female,0348-1325948,Operator,Irish Gaelic
847,Halli,Skace,hskaceni@sciencedirect.com,Khusra,0309-1293283,Programmer II,Tamil
848,Alaster,Reihill,areihillnj@live.com,Female,0339-7901989,Librarian,Quechua
849,Dulci,Braniff,dbraniffnk@eepurl.com,Khusra,0348-9965012,Staff Accountant III,Norwegian
850,Teressa,Wortley,twortleynl@parallels.com,Khusra,0348-8880844,Compensation Analyst,Tok Pisin
851,Kat,Riccetti,kriccettinm@archive.org,Khusra,0349-6021412,Tax Accountant,Macedonian
852,Burk,Corriea,bcorrieann@ustream.tv,Male,0339-7018911,Recruiter,Kashmiri
853,Page,Parrott,pparrottno@wix.com,Khusra,0349-7272264,Physical Therapy Assistant,Irish Gaelic
854,Rochell,Gathercole,rgathercolenp@forbes.com,Female,0345-3304984,Staff Scientist,German
855,Neda,Tipperton,ntippertonnq@histats.com,Male,0347-1368766,Librarian,Albanian
856,Almeta,Vasyunkin,avasyunkinnr@nationalgeographic.com,Female,0344-0291905,Internal Auditor,Swedish
857,Corrie,Gaskarth,cgaskarthns@163.com,Khusra,0309-0272739,Administrative Assistant III,New Zealand Sign Language
858,Ebonee,Cryer,ecryernt@smh.com.au,Khusra,0307-0391812,Web Developer I,Maltese
859,Sholom,Danko,sdankonu@github.com,Male,0338-1194835,Quality Control Specialist,Swedish
860,Reine,Canete,rcanetenv@cdbaby.com,Khusra,0329-7883850,Software Test Engineer III,Latvian
861,Jehanna,Heister,jheisternw@ca.gov,Khusra,0348-5946941,Nurse,Belarusian
862,Cyrille,Ducker,cduckernx@shop-pro.jp,Male,0349-9069901,Design Engineer,Guaraní
863,Janie,Cuming,jcumingny@sitemeter.com,Male,0348-0584867,Human Resources Manager,Hindi
864,Jammie,Andraud,jandraudnz@mit.edu,Khusra,0328-3284079,GIS Technical Architect,Dari
865,Nicolais,Wudeland,nwudelando0@histats.com,Male,0349-6759859,Software Test Engineer I,Croatian
866,Addison,Beeton,abeetono1@123-reg.co.uk,Male,0338-8458424,Quality Engineer,Dzongkha
867,Lodovico,Gresty,lgrestyo2@zimbio.com,Female,0349-0461310,Geological Engineer,Macedonian
868,Letitia,Hatwell,lhatwello3@webnode.com,Khusra,0329-6340473,Systems Administrator III,Montenegrin
869,Catlaina,Berni,cbernio4@bloglovin.com,Female,0349-7722581,Paralegal,Latvian
870,Amalita,Renoden,arenodeno5@sbwire.com,Male,0348-8200144,Dental Hygienist,Guaraní
871,Jedd,Rudledge,jrudledgeo6@columbia.edu,Male,0349-3831441,Programmer Analyst III,Assamese
872,Jeanne,Bickerdike,jbickerdikeo7@usnews.com,Khusra,0349-0860547,Data Coordiator,Guaraní
873,Huberto,Drayton,hdraytono8@creativecommons.org,Female,0348-2286601,Account Representative II,Ndebele
874,Casper,Moscrop,cmoscropo9@state.gov,Khusra,0319-2504251,Research Nurse,Haitian Creole
875,Renae,Stachini,rstachinioa@google.co.uk,Khusra,0349-9953117,Senior Editor,Dari
876,Warde,Flacknell,wflacknellob@adobe.com,Male,0329-2254455,VP Marketing,Somali
877,Kyrstin,Hartland,khartlandoc@aol.com,Male,0345-4385972,Account Representative III,Kyrgyz
878,Cheryl,Petracek,cpetracekod@google.com.au,Male,0348-5239755,Recruiter,Hiri Motu
879,Carlie,Forten,cfortenoe@webmd.com,Female,0348-1742451,Physical Therapy Assistant,Aymara
880,Rina,Laurencot,rlaurencotof@over-blog.com,Male,0339-6189318,Cost Accountant,Lithuanian
881,Matthias,Wise,mwiseog@ow.ly,Female,0319-3899371,Environmental Tech,Telugu
882,Davin,Bellamy,dbellamyoh@nbcnews.com,Khusra,0319-3945484,Operator,Telugu
883,Daune,Pilbury,dpilburyoi@nhs.uk,Male,0308-3185323,Administrative Officer,Ndebele
884,Tremayne,McRavey,tmcraveyoj@java.com,Female,0348-5487800,Environmental Tech,Portuguese
885,Ceil,Brager,cbragerok@bandcamp.com,Female,0326-6263202,Paralegal,Oriya
886,Morey,Ellens,mellensol@ucoz.com,Khusra,0348-3395604,Environmental Tech,Kurdish
887,Percival,Crake,pcrakeom@jigsy.com,Khusra,0327-9093727,Assistant Manager,Hindi
888,Haroun,Ratchford,hratchfordon@bbc.co.uk,Khusra,0309-5851345,Design Engineer,Quechua
889,Alica,Sever,aseveroo@google.de,Female,0328-7669548,Speech Pathologist,Oriya
890,Gertie,Nichol,gnicholop@liveinternet.ru,Male,0349-4278101,Graphic Designer,Albanian
891,Hobard,Fernehough,hfernehoughoq@tamu.edu,Male,0329-1572571,Nurse,Lao
892,Egan,Deble,edebleor@fda.gov,Male,0339-3903115,Computer Systems Analyst IV,Guaraní
893,Rip,Lawtie,rlawtieos@oaic.gov.au,Female,0343-1343615,Software Consultant,Punjabi
894,Gaynor,Windybank,gwindybankot@constantcontact.com,Khusra,0319-4761522,Account Representative III,Thai
895,Malia,Crossdale,mcrossdaleou@behance.net,Khusra,0346-9850749,Social Worker,Indonesian
896,Alfy,Kamen,akamenov@oaic.gov.au,Khusra,0346-7769224,Office Assistant I,Punjabi
897,Brianne,Nutbean,bnutbeanow@zdnet.com,Male,0309-3806542,Analog Circuit Design manager,Kurdish
898,Albie,Van Geffen,avangeffenox@flavors.me,Khusra,0348-1754947,VP Sales,Kurdish
899,Marget,McAlpine,mmcalpineoy@mtv.com,Female,0338-4006617,Chief Design Engineer,Bulgarian
900,Mira,Mileham,mmilehamoz@loc.gov,Male,0349-6658648,Structural Analysis Engineer,Dhivehi
901,Ileane,Lillgard,ilillgardp0@ow.ly,Female,0337-1339114,Engineer IV,Assamese
902,Loralie,Woollett,lwoollettp1@drupal.org,Male,0339-8595406,Geological Engineer,New Zealand Sign Language
903,Liesa,Hasling,lhaslingp2@is.gd,Male,0338-6541685,Sales Associate,Maltese
904,Odille,Everall,oeverallp3@japanpost.jp,Khusra,0349-2260200,Web Designer II,Kurdish
905,Blane,Pavier,bpavierp4@imdb.com,Khusra,0339-7327690,Compensation Analyst,Norwegian
906,Ida,Spadari,ispadarip5@slideshare.net,Female,0339-1778350,Nuclear Power Engineer,Hindi
907,Gare,Woollons,gwoollonsp6@skyrock.com,Male,0339-6436300,Sales Representative,Norwegian
908,Linnell,McCard,lmccardp7@marketwatch.com,Female,0348-8553125,Teacher,Romanian
909,Emile,Skehan,eskehanp8@pen.io,Khusra,0349-9372273,Recruiter,Amharic
910,Bern,Moorhead,bmoorheadp9@yahoo.co.jp,Khusra,0349-3442311,Registered Nurse,Malagasy
911,Sybil,Clementel,sclementelpa@furl.net,Khusra,0342-0828614,Account Executive,Finnish
912,Isabeau,Lampaert,ilampaertpb@mediafire.com,Khusra,0308-4503519,Human Resources Manager,Montenegrin
913,Barby,Jurick,bjurickpc@webnode.com,Male,0347-2289139,Administrative Assistant I,Malagasy
914,Martha,Krimmer,mkrimmerpd@wix.com,Khusra,0329-2229646,Actuary,Pashto
915,Hertha,Rivelin,hrivelinpe@google.ca,Khusra,0348-1838556,Recruiting Manager,Filipino
916,Clary,Forestall,cforestallpf@wunderground.com,Female,0328-7606411,Sales Representative,Somali
917,Keelia,Baumber,kbaumberpg@sbwire.com,Khusra,0349-0175372,Automation Specialist III,Hiri Motu
918,Saxon,Willan,swillanph@qq.com,Khusra,0349-4097781,Librarian,Czech
919,Connie,Badam,cbadampi@amazon.com,Male,0349-7216281,Associate Professor,Japanese
920,Mareah,Van der Linde,mvanderlindepj@mashable.com,Female,0348-8195852,Data Coordiator,Gagauz
921,Jerald,Timblett,jtimblettpk@bloglines.com,Khusra,0335-8045982,Senior Sales Associate,Albanian
922,Linc,Ducham,lduchampl@gmpg.org,Male,0348-7856917,Senior Developer,Greek
923,Shandeigh,Melmore,smelmorepm@vistaprint.com,Male,0338-2487833,Business Systems Development Analyst,Albanian
924,Ericka,Rubee,erubeepn@godaddy.com,Khusra,0319-5545184,Help Desk Operator,Irish Gaelic
925,Sarine,Haggerston,shaggerstonpo@howstuffworks.com,Female,0337-8859528,Registered Nurse,Dutch
926,Maybelle,Simony,msimonypp@t-online.de,Khusra,0339-3991428,Engineer II,Latvian
927,Minetta,Hughf,mhughfpq@com.com,Khusra,0339-2210089,Structural Engineer,Quechua
928,Evita,Benner,ebennerpr@hugedomains.com,Khusra,0348-1214340,Speech Pathologist,New Zealand Sign Language
929,Cyndie,Hugo,chugops@homestead.com,Khusra,0348-3857711,Account Executive,Kannada
930,Erminia,Padly,epadlypt@cyberchimps.com,Khusra,0319-0227082,Help Desk Technician,Kazakh
931,Shep,Gripton,sgriptonpu@walmart.com,Khusra,0349-4330195,Registered Nurse,Bislama
932,Orelia,Sowden,osowdenpv@simplemachines.org,Male,0349-8274577,Junior Executive,Swati
933,Austin,Blum,ablumpw@so-net.ne.jp,Female,0339-3339875,Food Chemist,French
934,Briano,Torrijos,btorrijospx@japanpost.jp,Khusra,0338-4512762,Help Desk Technician,Dhivehi
935,Roxane,Labusquiere,rlabusquierepy@nature.com,Male,0318-9458064,Budget/Accounting Analyst I,Kurdish
936,Antoinette,Gillean,agilleanpz@hibu.com,Khusra,0347-6418610,Environmental Specialist,Bislama
937,Howey,Mac Geaney,hmacgeaneyq0@gizmodo.com,Female,0348-3886617,Administrative Officer,Tok Pisin
938,Danika,Tatton,dtattonq1@opensource.org,Male,0317-8538040,Nurse Practicioner,Zulu
939,Gaspar,Sogg,gsoggq2@shutterfly.com,Khusra,0339-6762391,VP Accounting,Telugu
940,Noemi,Hedgeley,nhedgeleyq3@reuters.com,Khusra,0348-4639218,Dental Hygienist,Moldovan
941,Tuck,Covelle,tcovelleq4@imdb.com,Female,0338-8673369,Speech Pathologist,Icelandic
942,Sheryl,Romayne,sromayneq5@yellowbook.com,Khusra,0345-5467467,Financial Analyst,Kyrgyz
943,Myrtie,Rubenchik,mrubenchikq6@dailymail.co.uk,Female,0349-6129354,Product Engineer,Italian
944,Sayre,Guwer,sguwerq7@un.org,Male,0338-9762750,Actuary,Guaraní
945,Ashlee,Ducker,aduckerq8@latimes.com,Khusra,0348-8351395,Financial Advisor,Macedonian
946,Addy,Mitchiner,amitchinerq9@dell.com,Female,0349-5758102,VP Marketing,Marathi
947,Christos,Alway,calwayqa@people.com.cn,Male,0339-5493989,Programmer Analyst I,Tamil
948,Charil,Keiley,ckeileyqb@wp.com,Male,0339-2556565,Junior Executive,Estonian
949,Verine,Furmagier,vfurmagierqc@yelp.com,Khusra,0318-3589569,Media Manager IV,Zulu
950,Dinah,Shepherdson,dshepherdsonqd@google.de,Male,0347-2806707,Health Coach III,Amharic
951,Imojean,Rowcastle,irowcastleqe@csmonitor.com,Male,0327-9133626,Accountant I,Estonian
952,Christa,Blune,cbluneqf@printfriendly.com,Khusra,0349-3358174,Research Assistant II,Filipino
953,Augusto,Moscrop,amoscropqg@webmd.com,Female,0309-5298395,Occupational Therapist,Spanish
954,Dasha,McCaffery,dmccafferyqh@comcast.net,Khusra,0349-7104763,Project Manager,Thai
955,Dame,Etchingham,detchinghamqi@storify.com,Female,0339-0924000,Director of Sales,Kazakh
956,Fleming,Kivlin,fkivlinqj@trellian.com,Khusra,0319-4834748,Account Executive,Swedish
957,Nicholas,Cocke,ncockeqk@slate.com,Female,0348-9231631,Software Engineer III,Māori
958,Chadwick,Sandeson,csandesonql@zdnet.com,Male,0349-3979142,Legal Assistant,Bulgarian
959,Elliot,Garlett,egarlettqm@sitemeter.com,Khusra,0309-6292571,Chief Design Engineer,Tetum
960,Sheba,Varlow,svarlowqn@yelp.com,Female,0349-0010754,Data Coordiator,Oriya
961,Hermy,Pickwell,hpickwellqo@woothemes.com,Khusra,0349-1012942,Geologist IV,Mongolian
962,Tadd,Andreas,tandreasqp@google.co.uk,Khusra,0347-8173330,Recruiter,Maltese
963,Rickard,Furphy,rfurphyqq@shareasale.com,Female,0307-2116011,Physical Therapy Assistant,Aymara
964,Roseanna,Gonzales,rgonzalesqr@prweb.com,Khusra,0339-6269972,Internal Auditor,Guaraní
965,Valle,Sodor,vsodorqs@miibeian.gov.cn,Khusra,0348-5222703,Nurse Practicioner,Bislama
966,Constanta,Styche,cstycheqt@paypal.com,Khusra,0348-9138264,Financial Analyst,Aymara
967,Cherie,Jeskins,cjeskinsqu@answers.com,Khusra,0348-0410095,Research Associate,Punjabi
968,Nina,Gribben,ngribbenqv@sakura.ne.jp,Khusra,0349-3059650,Chemical Engineer,Hindi
969,Jeanelle,Biernacki,jbiernackiqw@tmall.com,Khusra,0349-7736324,Senior Editor,Assamese
970,Wyatan,Buckoke,wbuckokeqx@google.ca,Male,0349-2976355,Editor,Burmese
971,Olly,Falkingham,ofalkinghamqy@si.edu,Female,0349-7851636,Structural Analysis Engineer,Marathi
972,Timoteo,Fausset,tfaussetqz@paginegialle.it,Male,0318-0840254,Mechanical Systems Engineer,Lao
973,Sterling,Liddicoat,sliddicoatr0@nasa.gov,Khusra,0339-5402047,Senior Financial Analyst,Afrikaans
974,Ganny,Brunker,gbrunkerr1@engadget.com,Khusra,0346-5827850,Business Systems Development Analyst,Hindi
975,Sandy,Maskelyne,smaskelyner2@google.de,Khusra,0349-5667517,Software Engineer III,Burmese
976,Chiarra,Tuke,ctuker3@hugedomains.com,Khusra,0349-4236237,Business Systems Development Analyst,Kyrgyz
977,Freddie,Bruinemann,fbruinemannr4@redcross.org,Female,0346-1430810,Actuary,Marathi
978,Beatriz,Duer,bduerr5@soup.io,Khusra,0348-8085672,Automation Specialist I,Kazakh
979,Janean,Cotte,jcotter6@cloudflare.com,Khusra,0339-3273753,Paralegal,Tswana
980,Mahalia,Lilford,mlilfordr7@usa.gov,Male,0345-1392535,Research Assistant I,Arabic
981,Susie,Cuphus,scuphusr8@intel.com,Khusra,0317-9872802,Marketing Assistant,English
982,Lyle,Totterdell,ltotterdellr9@blogtalkradio.com,Khusra,0337-2201178,Product Engineer,Oriya
983,Nealson,Mattingson,nmattingsonra@epa.gov,Khusra,0349-8751765,Quality Engineer,Somali
984,Kimberlyn,Bisley,kbisleyrb@usnews.com,Male,0338-6755863,Business Systems Development Analyst,Latvian
985,Antonina,Beeckx,abeeckxrc@tinyurl.com,Male,0348-1289939,Teacher,Latvian
986,Marillin,McGrah,mmcgrahrd@google.com.au,Khusra,0349-7931278,Administrative Officer,Malagasy
987,Curran,Suddock,csuddockre@chron.com,Male,0328-1976981,Cost Accountant,Pashto
988,Nichols,Kynder,nkynderrf@miibeian.gov.cn,Male,0315-2839405,Accounting Assistant I,Swedish
989,Matteo,Kall,mkallrg@aol.com,Khusra,0319-2016394,Web Designer II,Dutch
990,Tris,Wilkes,twilkesrh@drupal.org,Female,0328-7451758,Analog Circuit Design manager,Lithuanian
991,Genevieve,Corbishley,gcorbishleyri@privacy.gov.au,Female,0339-3711475,Research Assistant I,Icelandic
992,Vanessa,Bernardin,vbernardinrj@sbwire.com,Male,0339-0536643,Office Assistant I,Italian
993,Ferdinande,Handrock,fhandrockrk@discuz.net,Khusra,0316-6285776,GIS Technical Architect,Italian
994,Dyanne,Ebenezer,debenezerrl@github.com,Male,0344-8347919,Actuary,Punjabi
995,Fred,Delmonti,fdelmontirm@arizona.edu,Khusra,0349-7401531,Web Designer III,Persian
996,Clare,Da Costa,cdacostarn@tamu.edu,Khusra,0348-3644142,Editor,Tok Pisin
997,Natka,Huckin,nhuckinro@soundcloud.com,Khusra,0329-4745312,Teacher,Kurdish
998,Maxy,Kienl,mkienlrp@bloglovin.com,Khusra,0347-1806052,Food Chemist,Arabic
999,Aland,Casini,acasinirq@nyu.edu,Khusra,0348-9074661,GIS Technical Architect,Lithuanian
1000,Lionello,Towers,ltowersrr@google.ca,Khusra,0346-4564476,Legal Assistant,Icelandic
